year,city,registered_voters,turnout,percent_turnout,valid_vote,ak parti,anadolu partisi,anap,atp,bbp,bp,btp,chp,dbp,dehap,depar,dp,dsp,dtp,dyp,emep,fp,genc parti,hadep,hakpar,hap,has parti,hdp,hepar,hkp,hp,huda par,hyp,idp,ip,iyi parti,kp,ldp,mcp,mdp,mep,mhp,millet partisi,mmp,odp,rp,saadet partisi,shp,sip,sp,tkp,turk parti,vatan partisi,ydh,ydp,yeni parti,ytp,yurtp,bgmz,not .  milletvekili genel seciminde  milletvekili secilmistir. ancak istanbul'dan secilen mhp milletvekillerinden bir milletvekilinin olumu nedeniyle meclis'te bulunan milletvekili sayisi  olmustur.,milletvekili sayisi,ap,birlik partisi,cgp,ckmp,cmp,demokratik parti,gp,hurriyet partisi,msp,tbp,tip,vp,ytp 
2018,antep,1214503.0,1039392.0,85.6,1019525.0,540735.0,,,,,,,158769.0,,,,,,,,,,,,,,,124858.0,,,,8743.0,,,,70179.0,,,,,,133202.0,,,,,12576.0,,,,,,2031.0,,,,,,0.0,,,,,,,,,,,,,,,
1 Kasım 2015,antep,1138374.0,955727.0,84.0,942205.0,595708.0,,,,5122.0,,925.0,157344.0,,,,814.0,393.0,,9.0,,,,,1957.0,,,103249.0,,1257.0,,,,,,,1068.0,641.0,,,,91997.0,396.0,,,,5982.0,,,,,,1220.0,,,,,,126.0,,,,,,,,,,,,,,,
7 Haziran 2015,antep,1130109.0,931622.0,82.4,912330.0,438958.0,333.0,,,,,2454.0,152798.0,,,,1371.0,1641.0,,26.0,,,,,975.0,12.0,,142951.0,,1231.0,,,,,,,196.0,581.0,,,497.0,165917.0,439.0,,,,19157.0,,,,,2215.0,1632.0,,,,,4.0,0.0,,,,,,,,,,,,,,,
2011,antep,1003541.0,843849.0,84.1,825656.0,510923.0,,,,7828.0,,,159961.0,,,,5341.0,2085.0,,0.0,0.0,,,,,,6779.0,,1556.0,,,,,,,,,0.0,,,,77836.0,1188.0,528.0,,,8270.0,,,,1336.0,,,,,,,,44610.0,,,,,,,,,,,,,,,
2007,antep,696510.0,563526.0,80.9,550000.0,328120.0,,,,,,4042.0,97271.0,,,,13286.0,,,,,,6485.0,,,,,,,,,,2197.0,,1474.0,,,,,,,63030.0,,,622.0,,7844.0,,,,1407.0,,,,,,,,27965.0,,,,,,,,,,,,,,,
2002,antep,683464.0,499109.0,73.0,482699.0,193995.0,,21196.0,,8065.0,,5431.0,93033.0,,38737.0,,,3168.0,,30781.0,,,34839.0,,,,,,,,,,,,2148.0,,,867.0,,,,33617.0,1126.0,,1070.0,,10512.0,,,,692.0,,,,,,3065.0,1984.0,123.0,,,,,,,,,,,,,,,
1999,antep,618027.0,521970.0,84.5,496114.0,,,49369.0,,8674.0,1348.0,,69568.0,,,384.0,1243.0,97025.0,4248.0,51323.0,638.0,78822.0,,27238.0,,,,,,,,,,,838.0,,,1259.0,,,,99444.0,1110.0,,2456.0,,,,453.0,,,,,,609.0,,,,1094.0,,,,,,,,,,,,,,,
1995,antep,539688.0,438763.0,81.3,420925.0,,,71857.0,,,,,44108.0,,,,,68413.0,,57678.0,,,,28115.0,,,,,,,,,,,908.0,,,,,,,42758.0,1792.0,,,100286.0,,,,,,,,2980.0,1814.0,518.0,,,998.0,,,,,,,,,,,,,,,
1991,antep,512598.0,412995.0,80.6,401599.0,,,77296.0,,,,,,,,,,28820.0,,110579.0,,,,,,,,,,,,,,,,,,,,,,,,,,71270.0,,112777.0,,1602.0,,,,,,,,,,,,,,,,,,,,,,,,
1987,antep,438776.0,415052.0,94.6,403516.0,,,147244.0,,,,,,,,,,21442.0,,67553.0,,,,,,,,,,,,,,3222.0,,,,,12987.0,,,,,,,26023.0,,125853.0,,,,,,,,,,,,,,,,,,,,,,,,,,
1983,antep,324258.0,292194.0,90.1,276079.0,,,115097.0,,,,,,,,,,,,,,,,,,,,,,,95011.0,,,,,,,,,65971.0,,,,,,,,,,,,,,,,,,,,,,,,,,,,,,,,,,
2018,urfa,1060815.0,864333.0,81.5,843861.0,458246.0,,,,,,,33791.0,,,,,,,,,,,,,,,251779.0,,,,13528.0,,,,16174.0,,,,,,80810.0,,,,,11218.0,,,,,,997.0,,,,,,3448.0,,,,,,,,,,,,,,,
1 Kasım 2015,urfa,976961.0,818358.0,83.8,803885.0,531554.0,,,,3241.0,,389.0,25328.0,,,,515.0,188.0,,330.0,,,,,1124.0,,,232846.0,,1460.0,,,,,,,1568.0,29.0,,,,23669.0,122.0,,,,3091.0,,,,,,397.0,,,,,,222.0,,,,,,,,,,,,,,,
7 Haziran 2015,urfa,974219.0,781449.0,80.2,763380.0,365329.0,321.0,,,,,1965.0,34309.0,,,,742.0,1326.0,,22.0,,,,,1412.0,10.0,,297417.0,,797.0,,,,,,,137.0,7.0,,,5.0,44111.0,201.0,,,,7866.0,,,,,15.0,506.0,,,,,3.0,24500.0,,,,,,,,,,,,,,,
2011,urfa,849100.0,697412.0,82.1,676554.0,430453.0,,,,6220.0,,,21777.0,,,,1743.0,700.0,,598.0,0.0,,,,,,5925.0,,0.0,,,,,,,,,0.0,,,,22357.0,426.0,555.0,,,3382.0,,,,1235.0,,,,,,,,182915.0,,,,,,,,,,,,,,,
2007,urfa,553377.0,453207.0,81.9,444915.0,267525.0,,,,,,2090.0,21271.0,,,,28302.0,,,,,,1588.0,,,,,,,,,,1351.0,,484.0,,,,,,,24084.0,,,,,9830.0,,,,854.0,,,,,,,,90127.0,,,,,,,,,,,,,,,
2002,urfa,570168.0,446163.0,78.3,432230.0,99331.0,,44407.0,,2573.0,,1280.0,42946.0,,83600.0,,,3010.0,,71507.0,,,7406.0,,,,,,,,,,,,480.0,,,380.0,,,,34442.0,610.0,,576.0,,19728.0,,,,259.0,,,,,,1086.0,1043.0,19014.0,,,,,,,,,,,,,,,
1999,urfa,518259.0,445058.0,85.9,421454.0,,,59001.0,,5903.0,1241.0,,25530.0,689.0,,824.0,,19392.0,7707.0,100394.0,677.0,90387.0,,69900.0,,,,,,,,,,,486.0,,,599.0,,,,35864.0,1165.0,,967.0,,,,543.0,,,,,,890.0,,,,25.0,,,,,,,,,,,,,,,
1995,urfa,444468.0,364441.0,82.0,350647.0,,,60090.0,,,,,7926.0,,,,,6822.0,,88071.0,,,,48265.0,,,,,,,,,,,421.0,,,,,,,13138.0,1979.0,,,92095.0,,,,,,,,1843.0,1015.0,426.0,,,29640.0,,,,,,,,,,,,,,,
1991,urfa,366685.0,294917.0,80.4,286597.0,,,76270.0,,,,,,,,,,7598.0,,89984.0,,,,,,,,,,,,,,,,,,,,,,,,,,52953.0,,59365.0,,959.0,,,,,,,,,,,,,,,,,,,,,,,,
1987,urfa,311110.0,286568.0,92.1,270303.0,,,97597.0,,,,,,,,,,18421.0,,50104.0,,,,,,,,,,,,,,1651.0,,,,,2721.0,,,,,,,32237.0,,40509.0,,,,,,,,,,,27605.0,,,,,,,,,,,,,,,
1983,urfa,207257.0,170397.0,82.2,158707.0,,,54678.0,,,,,,,,,,,,,,,,,,,,,,,43747.0,,,,,,,,,60282.0,,,,,,,,,,,,,,,,,,,,,,,,,,,,,,,,,,
2018,istanbul,10559686.0,9304207.0,88.1,9155118.0,4029418.0,,,,,,,2498564.0,,,,,,,,,,,,,,,1195523.0,,,,16956.0,,,,755397.0,,,,,,779942.0,,,,,139870.0,,,,,,18843.0,,,,,,4080.0,,,,,,,,,,,,,,,
1 Kasım 2015,istanbul,10312538.0,9093756.0,88.2,8989092.0,4521325.0,,,,36615.0,,7615.0,2777219.0,,,,5005.0,5170.0,,88.0,,,,,18528.0,,,949951.0,,9256.0,,,,,,,9473.0,7765.0,,,,790248.0,2425.0,,,,69177.0,,,,,,24826.0,,,,,,2510.0,,,,,,,,,,,,,,,
7 Haziran 2015,istanbul,10231703.0,8832058.0,86.3,8295578.0,3489402.0,4568.0,,,,,15303.0,2473160.0,,,,4674.0,12290.0,,3668.0,,,,,7164.0,109.0,,1069665.0,,7224.0,,,,,,,3528.0,4467.0,,,3039.0,936272.0,1757.0,,,,180712.0,,,,,15361.0,36101.0,,,,,1755.0,216830.0,,,,,,,,,,,,,,,
2011,istanbul,9397323.0,8132340.0,86.5,7936607.0,3931210.0,,,,50023.0,,,2492910.0,,,,33122.0,19489.0,,2759.0,0.0,,,,,,57399.0,,32740.0,,,,,,,,,3364.0,,,,747666.0,14831.0,4321.0,,,129030.0,,,,16626.0,,,,,,,,425417.0,,,,,,,,,,,,,,,
2007,istanbul,7406297.0,6072068.0,82.0,5729858.0,2604343.0,,,17272.0,,,22081.0,1556518.0,,,,177186.0,,,,,,217089.0,,,,,,,,,,22389.0,,18471.0,,,3106.0,,,,602093.0,,,,,175213.0,,,,12418.0,,,,,,,,338548.0,,,,,,,,,,,,,,,
2002,istanbul,7159151.0,5419062.0,75.7,5205166.0,1943776.0,,238777.0,,41359.0,,25602.0,1257330.0,,287953.0,,,59842.0,,189373.0,,,429475.0,,,,,,,,,,,,31552.0,,,21006.0,,,,263208.0,5664.0,,20735.0,,197795.0,,,,13251.0,,,,,,103071.0,92293.0,2964.0,,,,,,,,,,,,,,,
1999,istanbul,6134811.0,5143911.0,83.8,4932304.0,,,780518.0,,50342.0,11927.0,,472385.0,5255.0,,4291.0,11517.0,1466438.0,14162.0,268932.0,7058.0,1052738.0,,199388.0,,,,,,,,,,,6530.0,,,16613.0,,,,498745.0,5693.0,,58713.0,,,,4388.0,,,,,,4578.0,,,,3544.0,,,,,,,,,,,,,,,
1995,istanbul,5243739.0,4319315.0,82.4,4157617.0,,,916512.0,,,,,485551.0,,,,,764258.0,,641825.0,,,,151737.0,,,,,,,,,,,8223.0,,,,,,,154405.0,12652.0,,,997935.0,,,,,,,,19893.0,7879.0,4698.0,,,4891.0,,,,,,,,,,,,,,,
1991,istanbul,4265566.0,3311756.0,77.6,3220039.0,,,887986.0,,,,,,,,,,568738.0,,607188.0,,,,,,,,,,,,,,,,,,,,,,,,,,539573.0,,607955.0,,11977.0,,,,,,,,,2593.0,,,,,,,,,,,,,,,
1987,istanbul,3544389.0,3178552.0,89.7,3104909.0,,,1235123.0,,,,,,,,,,313242.0,,368678.0,,,,,,,,,,,,,,12755.0,,,,,36805.0,,,,,,,213544.0,,928459.0,,,,,,,,,,,2526.0,,,,,,,,,,,,,,,
1983,istanbul,2525756.0,2289248.0,90.6,2178084.0,,,991042.0,,,,,,,,,,,,,,,,,,,,,,,740439.0,,,,,,,,,432233.0,,,,,,,,,,,,,,,,,,,14370.0,,,,,,,,,,,,,,,
1977,antep,367858.0,253592.0,68.9,244454.0,,,,,,,,109255.0,,,,,,,,,,,,,,,,,,,,,,,,,,,,,27172.0,,,,,,,,,,,,,,,,,2082.0,,8.0,79306.0,,2901.0,,,2868.0,,,20870.0,,,,
1973,antep,268722.0,173359.0,64.5,165579.0,,,,,,,,61213.0,,,,,,,,,,,,,,,,,,,,,,,,,,,,,7696.0,,,,,,,,,,,,,,,,,3169.0,,8.0,29332.0,,17968.0,,,25742.0,,,19162.0,1297.0,,,
1969,antep,230752.0,154112.0,66.7,146224.0,,,,,,,,49123.0,,,,,,,,,,,,,,,,,,,,,,,,,,,,,5144.0,1254.0,,,,,,,,,,,,,,,,15698.0,,7.0,51216.0,3509.0,,,,,16823.0,,,,2872.0,,585.0
1965,antep,209365.0,154814.0,73.9,148482.0,,,,,,,,56133.0,,,,,,,,,,,,,,,,,,,,,,,,,,,,,,3788.0,,,,,,,,,,,,,,,,4.0,,7.0,76799.0,,,2282.0,,,,,,,5064.0,,4412.0
1961,antep,191785.0,163950.0,85.5,156907.0,,,,,,,,73766.0,,,,,,,,,,,,,,,,,,,,,,,,,,,,,,,,,,,,,,,,,,,,,,,,7.0,46066.0,,,4313.0,,,,,,,,,32766.0
1957,antep,176236.0,150075.0,85.2,,,,,,,,,69762.0,,,,70848.0,,,,,,,,,,,,,,,,,,,,,,,,,,,,,,,,,,,,,,,,,,,,10.0,,,,,2294.0,,,4613.0,,,,,
1954,antep,154473.0,143773.0,93.1,,,,,,,,,58834.0,,,,83026.0,,,,,,,,,,,,,,,,,,,,,,,,,,,,,,,,,,,,,,,,,,925.0,,8.0,,,,,,,,,,,,,
1950,antep,132453.0,120422.0,90.9,,,,,,,,,49333.0,,,,69792.0,,,,,,,,,,,,,,,,,,,,,,,,,,,,,,,,,,,,,,,,,,,,7.0,,,,,,,,,,,,,
1977,urfa,292408.0,202902.0,69.4,196964.0,,,,,,,,65910.0,,,,,,,,,,,,,,,,,,,,,,,,,,,,,11876.0,,,,,,,,,,,,,,,,,10437.0,,7.0,64785.0,,2223.0,,,3301.0,,,38432.0,,,,
1973,urfa,217627.0,130588.0,60.0,126474.0,,,,,,,,36615.0,,,,,,,,,,,,,,,,,,,,,,,,,,,,,1188.0,,,,,,,,,,,,,,,,,80.0,,7.0,42365.0,,2419.0,,,21609.0,,,22198.0,,,,
1969,urfa,207153.0,133624.0,64.5,128694.0,,,,,,,,28904.0,,,,,,,,,,,,,,,,,,,,,,,,,,,,,629.0,1059.0,,,,,,,,,,,,,,,,16915.0,,6.0,55992.0,,,,,,10516.0,,,,2578.0,,12101.0
1965,urfa,182322.0,125037.0,68.6,118841.0,,,,,,,,36307.0,,,,,,,,,,,,,,,,,,,,,,,,,,,,,,,,,,,,,,,,,,,,,,26444.0,,7.0,41486.0,,,,,,,,,,3771.0,,10833.0
1961,urfa,166814.0,124534.0,74.7,120042.0,,,,,,,,51544.0,,,,,,,,,,,,,,,,,,,,,,,,,,,,,,,,,,,,,,,,,,,,,,,,7.0,24741.0,,,7299.0,,,,,,,,,36456.0
1957,urfa,166416.0,126035.0,75.7,,,,,,,,,65096.0,,,,57017.0,,,,,,,,,,,,,,,,,,,,,,,,,,,,,,,,,,,,,,,,,,,,9.0,,,,,3136.0,,,225.0,,,,,
1954,urfa,147215.0,133792.0,90.9,,,,,,,,,51127.0,,,,65070.0,,,,,,,,,,,,,,,,,,,,803.0,,,,,,,,,,,,,,,,,,,,,,14591.0,,8.0,,,,,,,,,,,,,
1950,urfa,122703.0,108828.0,88.7,,,,,,,,,51924.0,,,,55959.0,,,,,,,,,,,,,,,,,,,,,,,,,,,,,,,,,,,,,,,,,,,,7.0,,,,,,,,,,,,,
1977,istanbul,2518737.0,1572729.0,62.4,1530966.0,,,,,,,,891772.0,,,,,,,,,,,,,,,,,,,,,,,,,,,,,41261.0,,,,,,,,,,,,,,,,,2895.0,,44.0,434879.0,,15342.0,,,18246.0,,,101078.0,21521.0,4817.0,,
1973,istanbul,1749970.0,1066535.0,60.9,1020316.0,,,,,,,,499225.0,,,,,,,,,,,,,,,,,,,,,,,,,,,,,18786.0,3875.0,,,,,,,,,,,,,,,,5555.0,,38.0,290763.0,,28728.0,,,72775.0,,,85454.0,15155.0,,,
1969,istanbul,1195896.0,626836.0,52.4,600334.0,,,,,,,,203309.0,,,,,,,,,,,,,,,,,,,,,,,,,,,,,15508.0,16275.0,,,,,,,,,,,,,,,,7756.0,,33.0,286841.0,17216.0,,,,,13882.0,,,,34633.0,,4914.0
1965,istanbul,1010051.0,651473.0,64.5,623536.0,,,,,,,,185479.0,,,,,,,,,,,,,,,,,,,,,,,,,,,,,,30471.0,,,,,,,,,,,,,,,,11686.0,,31.0,331447.0,,,9250.0,,,,,,,49422.0,,5781.0
1961,istanbul,975422.0,725702.0,74.4,709873.0,,,,,,,,270920.0,,,,,,,,,,,,,,,,,,,,,,,,,,,,,,,,,,,,,,,,,,,,,,31216.0,,31.0,296568.0,,,87696.0,,,,,,,,,23473.0
1957,istanbul,979044.0,616474.0,63.0,,,,,,,,,249097.0,,,,315967.0,,,,,,,,,,,,,,,,,,,,,,,,,,,,,,,,,,,,,,,,,,60.0,,39.0,,,,,25779.0,,,15325.0,,,,130.0,
1954,istanbul,685091.0,545867.0,79.7,,,,,,,,,143705.0,,,,338010.0,,,,,,,,,,,,,,,,,,,,4215.0,,,,,,,,,,,,,,,,,,,,,,10076.0,,29.0,,,,,43420.0,,,,,,,,
1950,istanbul,559798.0,453262.0,81.0,,,,,,,,,110299.0,,,,238763.0,,,,,,,,,,,,,,,,,,,,,,,,,,72737.0,,,,,,,,,,,,,,,,,,27.0,,,,,,,,,,,,,
2018,kocaeli,1334402.0,1198849.0,89.8,1175662.0,585313.0,,,,,,,243828.0,,,,,,,,,,,,,,,89162.0,,,,1889.0,,,,125118.0,,,,,,137708.0,,,,,26436.0,,,,,,2111.0,,,,,,500.0,,,,,,,,,,,,,,,
1 Kasım 2015,kocaeli,1240533.0,1115212.0,89.9,1099780.0,638266.0,,,,6426.0,,1146.0,262793.0,,,,1556.0,739.0,,433.0,,,,,2404.0,,,66247.0,,1653.0,,,,,,,1249.0,649.0,,,,125827.0,456.0,,,,18079.0,,,,,,2213.0,,,,,,0.0,,,,,,,,,,,,,,,
7 Haziran 2015,kocaeli,1221771.0,1076123.0,88.1,1052761.0,499906.0,703.0,,,,,2479.0,260865.0,,,,1826.0,2232.0,,893.0,,,,,37.0,14.0,,82493.0,,1388.0,,,,,,,379.0,658.0,,,436.0,163742.0,348.0,,,,52631.0,,,,,2441.0,2988.0,,,,,289.0,313.0,,,,,,,,,,,,,,,
2011,kocaeli,1096593.0,977711.0,89.2,954174.0,504535.0,,,,5615.0,,,235770.0,,,,5995.0,2414.0,,1859.0,0.0,,,,,,14939.0,,3796.0,,,,,,,,,0.0,,,,114304.0,1716.0,759.0,,,41870.0,,,,1452.0,,,,,,,,22153.0,,,,,,,,,,,,,,,
2007,kocaeli,884889.0,768187.0,86.8,746573.0,370242.0,,,,,,4369.0,145671.0,,,,40081.0,,,,,,24951.0,,,,,,,,,,3546.0,,2380.0,,,734.0,,,,78585.0,,,1273.0,,62406.0,,,,1998.0,,,,,,,,15447.0,,,,,,,,,,,,,,,
2002,kocaeli,752556.0,673467.0,89.5,645035.0,277461.0,,22671.0,,4914.0,,3893.0,120719.0,,25500.0,,,6786.0,,40370.0,,,43250.0,,,,,,,,,,,,2678.0,,,1604.0,,,,39146.0,1056.0,,2056.0,,39961.0,,,,1147.0,,,,,,5823.0,8130.0,279.0,,,,,,,,,,,,,,,
1999,kocaeli,749026.0,656898.0,87.7,624684.0,,,67512.0,,7677.0,1465.0,,62832.0,,,531.0,2241.0,143352.0,1724.0,72547.0,1124.0,142391.0,,19295.0,,,,,,,,,,,779.0,,,2485.0,,,,92409.0,1648.0,,4301.0,,,,770.0,,,,,,751.0,,,,236.0,,,,,,,,,,,,,,,
1995,kocaeli,664557.0,573917.0,86.4,548794.0,,,88161.0,,,,,57661.0,,,,,103131.0,,74095.0,,,,14526.0,,,,,,,,,,,831.0,,,,,,,29605.0,2744.0,,,174390.0,,,,,,,,2509.0,1163.0,586.0,,,1084.0,,,,,,,,,,,,,,,
1991,kocaeli,543729.0,450309.0,82.8,437498.0,,,86046.0,,,,,,,,,,66496.0,,111980.0,,,,,,,,,,,,,,,,,,,,,,,,,,96910.0,,75185.0,,1536.0,,,,,,,,,156.0,,,,,,,,,,,,,,,
1987,kocaeli,437160.0,408914.0,93.5,401254.0,,,109007.0,,,,,,,,,,38373.0,,80582.0,,,,,,,,,,,,,,2753.0,,,,,7292.0,,,,,,,53159.0,,110892.0,,,,,,,,,,,,,,,,,,,,,,,,,,
1983,kocaeli,298985.0,278441.0,93.1,262731.0,,,115379.0,,,,,,,,,,,,,,,,,,,,,,,101261.0,,,,,,,,,46091.0,,,,,,,,,,,,,,,,,,,,,,,,,,,,,,,,,,
2018,hatay,1041076.0,925282.0,88.9,911280.0,340122.0,,,,,,,287438.0,,,,,,,,,,,,,,,103530.0,,,,1546.0,,,,61380.0,,,,,,135667.0,,,,,8449.0,,,,,,1365.0,,,,,,0.0,,,,,,,,,,,,,,,
1 Kasım 2015,hatay,991518.0,862175.0,87.0,852129.0,381165.0,,,,3067.0,,906.0,311664.0,,,,748.0,343.0,,8.0,,,,,1660.0,,,61814.0,,1486.0,,,,,,,391.0,30.0,,,,106563.0,248.0,,,,3925.0,,,,,,1630.0,,,,,,0.0,,,,,,,,,,,,,,,
7 Haziran 2015,hatay,987001.0,845099.0,85.6,827926.0,322422.0,858.0,,,,,2408.0,304062.0,,,,870.0,1319.0,,24.0,,,,,673.0,11.0,,58334.0,,1155.0,,,,,,,170.0,8.0,,,326.0,117832.0,319.0,,,,13729.0,,,,,1610.0,1675.0,,,,,3.0,19227.0,,,,,,,,,,,,,,,
2011,hatay,934254.0,810847.0,86.8,793149.0,353616.0,,,,3230.0,,,306498.0,,,,4341.0,875.0,,1085.0,1429.0,,,,,,2960.0,,1724.0,,,,,,,,,0.0,,,,100499.0,365.0,571.0,,,5941.0,,,,690.0,,,,,,,,11808.0,,,,,,,,,,,,,,,
2007,hatay,786191.0,650007.0,82.7,637301.0,261971.0,,,,,,2809.0,199838.0,,,,26433.0,,,,,,15058.0,,,,,,,,,,2045.0,,2214.0,,,,,,,107721.0,,,776.0,,7278.0,,,,1373.0,,,,,,,,13952.0,,,,,,,,,,,,,,,
2002,hatay,746949.0,584939.0,78.3,554810.0,166403.0,,30169.0,,3175.0,,2690.0,143792.0,,18767.0,,,7244.0,,47557.0,,,31944.0,,,,,,,,,,,,2787.0,,,588.0,,,,60643.0,1019.0,,1557.0,,7972.0,,,,940.0,,,,,,6758.0,2018.0,20821.0,,,,,,,,,,,,,,,
1999,hatay,693725.0,604485.0,87.1,578416.0,,,70627.0,,6008.0,3067.0,,113384.0,,,578.0,2147.0,80955.0,7491.0,66958.0,895.0,70641.0,,14907.0,,,,,,,,,,,1084.0,,,1438.0,,,,128387.0,1237.0,,7254.0,,,,558.0,,,,,,638.0,,,,1314.0,,,,,,,,,,,,,,,
1995,hatay,622004.0,539869.0,86.8,519952.0,,,75863.0,,,,,114417.0,,,,,40312.0,,99922.0,,,,16513.0,,,,,,,,,,,1248.0,,,,,,,69100.0,3024.0,,,96355.0,,,,,,,,2250.0,1097.0,717.0,,,740.0,,,,,,,,,,,,,,,
1991,hatay,542338.0,455349.0,84.0,443298.0,,,85754.0,,,,,,,,,,27361.0,,126148.0,,,,,,,,,,,,,,,,,,,,,,,,,,61016.0,,142246.0,,1595.0,,,,,,,,,,,,,,,,,,,,,,,,
1987,hatay,466146.0,438925.0,94.2,427724.0,,,131832.0,,,,,,,,,,28748.0,,86113.0,,,,,,,,,,,,,,2214.0,,,,,13479.0,,,,,,,26002.0,,140073.0,,,,,,,,,,,120.0,,,,,,,,,,,,,,,
1983,hatay,334399.0,305508.0,91.4,290228.0,,,99050.0,,,,,,,,,,,,,,,,,,,,,,,105570.0,,,,,,,,,85608.0,,,,,,,,,,,,,,,,,,,,,,,,,,,,,,,,,,
1977,maras,300701.0,222589.0,74.0,216000.0,,,,,,,,74283.0,,,,,,,,,,,,,,,,,,,,,,,,,,,,,33470.0,,,,,,,,,,,,,,,,,10171.0,,7.0,57250.0,,1657.0,,,5397.0,,,33772.0,,,,
1973,maras,226256.0,160528.0,70.9,155106.0,,,,,,,,51043.0,,,,,,,,,,,,,,,,,,,,,,,,,,,,,8669.0,,,,,,,,,,,,,,,,,3432.0,,7.0,27774.0,,3133.0,,,16776.0,,,41454.0,2825.0,,,
1969,maras,198558.0,125356.0,63.1,119992.0,,,,,,,,21126.0,,,,,,,,,,,,,,,,,,,,,,,,,,,,,1469.0,5946.0,,,,,,,,,,,,,,,,38319.0,,6.0,38419.0,7478.0,,,,,4734.0,,,,2230.0,,289.0
1965,maras,181867.0,121252.0,66.7,115531.0,,,,,,,,27609.0,,,,,,,,,,,,,,,,,,,,,,,,,,,,,,11329.0,,,,,,,,,,,,,,,,14570.0,,6.0,55640.0,,,,,,,,,,2284.0,,4099.0
1961,maras,169620.0,130717.0,77.1,124655.0,,,,,,,,48694.0,,,,,,,,,,,,,,,,,,,,,,,,,,,,,,,,,,,,,,,,,,,,,,1453.0,,6.0,65069.0,,,7514.0,,,,,,,,,2456.0
1957,maras,153085.0,109985.0,71.9,,,,,,,,,49252.0,,,,45890.0,,,,,,,,,,,,,,,,,,,,,,,,,,,,,,,,,,,,,,,,,,,,9.0,,,,,13922.0,,,,,,,,
1954,maras,133897.0,120534.0,90.0,,,,,,,,,43501.0,,,,65777.0,,,,,,,,,,,,,,,,,,,,5498.0,,,,,,,,,,,,,,,,,,,,,,1210.0,,7.0,,,,,3781.0,,,,,,,,
1950,maras,114547.0,101407.0,88.5,,,,,,,,,39045.0,,,,52823.0,,,,,,,,,,,,,,,,,,,,,,,,,,,,,,,,,,,,,,,,,,26121.0,,7.0,,,,,,,,,,,,,
1977,diyarbakir,290056.0,192885.0,66.5,186651.0,,,,,,,,64991.0,,,,,,,,,,,,,,,,,,,,,,,,,,,,,2035.0,,,,,,,,,,,,,,,,,31824.0,,7.0,48694.0,,876.0,,,2102.0,,,33324.0,,2805.0,,
1973,diyarbakir,232364.0,154645.0,66.5,148667.0,,,,,,,,45264.0,,,,,,,,,,,,,,,,,,,,,,,,,,,,,4496.0,,,,,,,,,,,,,,,,,14059.0,,7.0,30822.0,,8294.0,,,18176.0,,,27566.0,,,,
1969,diyarbakir,201474.0,126097.0,62.5,121003.0,,,,,,,,8825.0,,,,,,,,,,,,,,,,,,,,,,,,,,,,,920.0,9592.0,,,,,,,,,,,,,,,,19801.0,,7.0,42934.0,,,,,,3654.0,,,,3330.0,,31947.0
1965,diyarbakir,181066.0,116391.0,64.3,110756.0,,,,,,,,25695.0,,,,,,,,,,,,,,,,,,,,,,,,,,,,,,1867.0,,,,,,,,,,,,,,,,12993.0,,7.0,31936.0,,,3799.0,,,,,,,8867.0,,25599.0
1961,diyarbakir,166637.0,126841.0,76.1,121653.0,,,,,,,,39857.0,,,,,,,,,,,,,,,,,,,,,,,,,,,,,,,,,,,,,,,,,,,,,,,,7.0,23401.0,,,6331.0,,,,,,,,,52012.0
1957,diyarbakir,168692.0,114471.0,66.1,,,,,,,,,33820.0,,,,56309.0,,,,,,,,,,,,,,,,,,,,,,,,,,,,,,,,,,,,,,,,,,,,9.0,,,,,900.0,,,22466.0,,,,,
1954,diyarbakir,132535.0,122955.0,92.8,,,,,,,,,42333.0,,,,72907.0,,,,,,,,,,,,,,,,,,,,3389.0,,,,,,,,,,,,,,,,,,,,,,673.0,,8.0,,,,,,,,,,,,,
1950,diyarbakir,114487.0,103246.0,90.2,,,,,,,,,48000.0,,,,53691.0,,,,,,,,,,,,,,,,,,,,,,,,,,,,,,,,,,,,,,,,,,,,7.0,,,,,,,,,,,,,
1977,bursa,596667.0,443892.0,74.4,431418.0,,,,,,,,158364.0,,,,,,,,,,,,,,,,,,,,,,,,,,,,,12660.0,,,,,,,,,,,,,,,,,188.0,,11.0,223157.0,,5740.0,,,6560.0,,,23640.0,,1109.0,,
1973,bursa,470147.0,312841.0,66.5,300693.0,,,,,,,,84257.0,,,,,,,,,,,,,,,,,,,,,,,,,,,,,4093.0,1608.0,,,,,,,,,,,,,,,,378.0,,11.0,152367.0,,6517.0,,,23078.0,,,28395.0,,,,
1969,bursa,406469.0,266725.0,65.6,254524.0,,,,,,,,63515.0,,,,,,,,,,,,,,,,,,,,,,,,,,,,,7261.0,3488.0,,,,,,,,,,,,,,,,852.0,,11.0,163706.0,,,,,,8986.0,,,,5382.0,,1334.0
1965,bursa,386518.0,289574.0,74.9,276386.0,,,,,,,,63891.0,,,,,,,,,,,,,,,,,,,,,,,,,,,,,,8589.0,,,,,,,,,,,,,,,,833.0,,11.0,189515.0,,,5014.0,,,,,,,6019.0,,2525.0
1961,bursa,365573.0,310750.0,85.0,298678.0,,,,,,,,87410.0,,,,,,,,,,,,,,,,,,,,,,,,,,,,,,,,,,,,,,,,,,,,,,,,11.0,188362.0,,,16792.0,,,,,,,,,6114.0
1957,bursa,338026.0,270653.0,80.1,,,,,,,,,78061.0,,,,156590.0,,,,,,,,,,,,,,,,,,,,,,,,,,,,,,,,,,,,,,,,,,194.0,,15.0,,,,,14345.0,,,20296.0,,,,,
1954,bursa,294004.0,255470.0,86.9,,,,,,,,,76363.0,,,,158361.0,,,,,,,,,,,,,,,,,,,,,,,,,,,,,,,,,,,,,,,,,,1336.0,,14.0,,,,,15724.0,,,,,,,,
1950,bursa,257205.0,237121.0,92.2,,,,,,,,,97532.0,,,,138445.0,,,,,,,,,,,,,,,,,,,,,,,,,,,,,,,,,,,,,,,,,,,,12.0,,,,,,,,,,,,,
1977,van,151349.0,121488.0,80.3,116448.0,,,,,,,,22569.0,,,,,,,,,,,,,,,,,,,,,,,,,,,,,3282.0,,,,,,,,,,,,,,,,,33677.0,,4.0,17943.0,,13776.0,,,1403.0,,,23798.0,,,,
1973,van,126766.0,100975.0,79.6,97303.0,,,,,,,,10027.0,,,,,,,,,,,,,,,,,,,,,,,,,,,,,639.0,,,,,,,,,,,,,,,,,5840.0,,4.0,21750.0,,50924.0,,,1344.0,,,6779.0,,,,
1969,van,109600.0,84642.0,77.2,81608.0,,,,,,,,8477.0,,,,,,,,,,,,,,,,,,,,,,,,,,,,,7694.0,,,,,,,,,,,,,,,,,13086.0,,4.0,22232.0,,,,,,19276.0,,,,952.0,,9891.0
1965,van,94473.0,74740.0,79.1,71438.0,,,,,,,,32276.0,,,,,,,,,,,,,,,,,,,,,,,,,,,,,,,,,,,,,,,,,,,,,,1641.0,,4.0,21585.0,,,,,,,,,,1869.0,,14067.0
1961,van,80998.0,66577.0,82.2,64233.0,,,,,,,,20963.0,,,,,,,,,,,,,,,,,,,,,,,,,,,,,,,,,,,,,,,,,,,,,,,,3.0,5085.0,,,13757.0,,,,,,,,,24428.0
1957,van,65756.0,53563.0,81.5,,,,,,,,,29950.0,,,,22266.0,,,,,,,,,,,,,,,,,,,,,,,,,,,,,,,,,,,,,,,,,,,,5.0,,,,,632.0,,,,,,,,
1954,van,59219.0,55080.0,92.9,,,,,,,,,18507.0,,,,33637.0,,,,,,,,,,,,,,,,,,,,,,,,,,,,,,,,,,,,,,,,,,,,4.0,,,,,,,,,,,,,
1950,van,51500.0,45417.0,88.2,,,,,,,,,20653.0,,,,16785.0,,,,,,,,,,,,,,,,,,,,,,,,,,,,,,,,,,,,,,,,,,10374.0,,3.0,,,,,,,,,,,,,
1977,adana,673430.0,462806.0,68.7,452072.0,,,,,,,,210026.0,,,,,,,,,,,,,,,,,,,,,,,,,,,,,51146.0,,,,,,,,,,,,,,,,,434.0,,14.0,144709.0,,4965.0,,,8932.0,,,28490.0,2554.0,816.0,,
1973,adana,471331.0,334512.0,70.9,321422.0,,,,,,,,128076.0,,,,,,,,,,,,,,,,,,,,,,,,,,,,,26077.0,,,,,,,,,,,,,,,,,9650.0,,13.0,74264.0,,12595.0,,,40627.0,,,26270.0,3863.0,,,
1969,adana,380236.0,261196.0,68.6,250323.0,,,,,,,,84335.0,,,,,,,,,,,,,,,,,,,,,,,,,,,,,21641.0,1740.0,,,,,,,,,,,,,,,,4270.0,,13.0,106443.0,9015.0,,,,,16570.0,,,,5247.0,,1062.0
1965,adana,335055.0,258342.0,77.1,248008.0,,,,,,,,88229.0,,,,,,,,,,,,,,,,,,,,,,,,,,,,,,8628.0,,,,,,,,,,,,,,,,442.0,,12.0,133799.0,,,5695.0,,,,,,,7926.0,,3289.0
1961,adana,298069.0,253053.0,84.9,246341.0,,,,,,,,108161.0,,,,,,,,,,,,,,,,,,,,,,,,,,,,,,,,,,,,,,,,,,,,,,1687.0,,12.0,126365.0,,,10347.0,,,,,,,,,
1957,adana,298849.0,228037.0,76.3,,,,,,,,,125040.0,,,,96197.0,,,,,,,,,,,,,,,,,,,,,,,,,,,,,,,,,,,,,,,,,,,,16.0,,,,,4897.0,,,695.0,,,,,
1954,adana,238293.0,222000.0,93.2,,,,,,,,,99741.0,,,,107447.0,,,,,,,,,,,,,,,,,,,,8178.0,,,,,,,,,,,,,,,,,,,,,,316.0,,13.0,,,,,2618.0,,,,,,,,
1950,adana,195544.0,174969.0,89.5,,,,,,,,,77189.0,,,,91178.0,,,,,,,,,,,,,,,,,,,,,,,,,,3515.0,,,,,,,,,,,,,,,,,,11.0,,,,,,,,,,,,,
2018,mardin,470545.0,395732.0,84.1,385281.0,120854.0,,,,,,,13153.0,,,,,,,,,,,,,,,235722.0,,,,8268.0,,,,4483.0,,,,,,10429.0,,,,,3278.0,,,,,,673.0,,,,,,350.0,,,,,,,,,,,,,,,
1 Kasım 2015,mardin,445041.0,385111.0,86.5,377967.0,113670.0,,,,1068.0,,111.0,6800.0,,,,107.0,53.0,,125.0,,,,,367.0,,,260283.0,,245.0,,,,,,,307.0,472.0,,,,3703.0,24.0,,,,863.0,,,,,,99.0,,,,,,102.0,,,,,,,,,,,,,,,
7 Haziran 2015,mardin,441076.0,385065.0,87.3,378023.0,76999.0,168.0,,,,,951.0,5239.0,,,,125.0,296.0,,11.0,,,,,514.0,5.0,,278691.0,,292.0,,,,,,,63.0,4.0,,,2.0,4998.0,53.0,,,,2082.0,,,,,7.0,294.0,,,,,1.0,15952.0,,,,,,,,,,,,,,,
2011,mardin,397634.0,327620.0,82.4,320954.0,103402.0,,,,2842.0,,,11953.0,,,,845.0,658.0,,0.0,0.0,,,,,,2097.0,,0.0,,,,,,,,,129.0,,,,2041.0,234.0,240.0,,,895.0,,,,474.0,,,,,,,,195581.0,,,,,,,,,,,,,,,
2007,mardin,312022.0,244095.0,78.2,239332.0,105905.0,,,,,,1208.0,16639.0,,,,13443.0,,,,,,2526.0,,,,,,,,,,603.0,,161.0,,,,,,,3202.0,,,,,2947.0,,,,537.0,,,,,,,,93201.0,,,,,,,,,,,,,,,
2002,mardin,312132.0,231836.0,74.3,224439.0,34746.0,,19853.0,,681.0,,612.0,26151.0,,89113.0,,,1023.0,,18509.0,,,3475.0,,,,,,,,,,,,179.0,,,104.0,,,,6241.0,246.0,,281.0,,3565.0,,,,147.0,,,,,,633.0,583.0,18978.0,,,,,,,,,,,,,,,
1999,mardin,274887.0,231476.0,84.2,219533.0,,,36140.0,,1770.0,512.0,,6295.0,421.0,,,840.0,19847.0,1788.0,42254.0,164.0,25966.0,,55538.0,,,,,,,,,,,198.0,,,400.0,,,,4242.0,366.0,,608.0,,,,205.0,,,,,,561.0,,,,21729.0,,,,,,,,,,,,,,,
1995,mardin,219819.0,176475.0,80.3,169118.0,,,37784.0,,,,,7695.0,,,,,2962.0,,33475.0,,,,37233.0,,,,,,,,,,,267.0,,,,,,,9213.0,941.0,,,33970.0,,,,,,,,1362.0,750.0,272.0,,,3715.0,,,,,,,,,,,,,,,
1991,mardin,217154.0,177554.0,81.8,172119.0,,,31836.0,,,,,,,,,,2247.0,,29577.0,,,,,,,,,,,,,,,,,,,,,,,,,,15069.0,,92904.0,,805.0,,,,,,,,,,,,,,,,,,,,,,,,
1987,mardin,236295.0,221002.0,93.5,211633.0,,,59043.0,,,,,,,,,,11125.0,,45120.0,,,,,,,,,,,,,,1115.0,,,,,932.0,,,,,,,35972.0,,58750.0,,,,,,,,,,,,,,,,,,,,,,,,,,
1983,mardin,156240.0,137084.0,87.7,129452.0,,,51547.0,,,,,,,,,,,,,,,,,,,,,,,30650.0,,,,,,,,,43465.0,,,,,,,,,,,,,,,,,,,3790.0,,,,,,,,,,,,,,,
2018,sakarya,705270.0,637350.0,90.4,625866.0,375397.0,,,,,,,88486.0,,,,,,,,,,,,,,,17403.0,,,,880.0,,,,60586.0,,,,,,88022.0,,,,,13240.0,,,,,,1232.0,,,,,,0.0,,,,,,,,,,,,,,,
1 Kasım 2015,sakarya,668443.0,598561.0,89.5,590288.0,408200.0,,,,3486.0,,636.0,93485.0,,,,952.0,348.0,,271.0,,,,,1556.0,,,12889.0,,1113.0,,,,,,,775.0,336.0,,,,73431.0,244.0,,,,7942.0,,,,,,917.0,,,,,,0.0,,,,,,,,,,,,,,,
7 Haziran 2015,sakarya,662886.0,583515.0,88.0,571935.0,330588.0,324.0,,,,,1201.0,93008.0,,,,1005.0,1320.0,,16.0,,,,,1089.0,187.0,,17451.0,,687.0,,,,,,,133.0,524.0,,,392.0,112350.0,189.0,,,,22651.0,,,,,11.0,1032.0,,,,,387.0,591.0,,,,,,,,,,,,,,,
2011,sakarya,617284.0,550883.0,89.2,541580.0,334823.0,,,,2144.0,,,88043.0,,,,3237.0,1127.0,,1152.0,835.0,,,,,,9206.0,,1547.0,,,,,,,,,231.0,,,,81515.0,375.0,510.0,,,14619.0,,,,514.0,,,,,,,,3450.0,,,,,,,,,,,,,,,
2007,sakarya,561191.0,480212.0,85.6,472850.0,253033.0,,,,,,2350.0,43939.0,,,,29262.0,,,,838.0,,55254.0,,,,,,,,,,2174.0,,1383.0,,,709.0,,,,54198.0,,,689.0,,29444.0,,,,633.0,,,,,,,,2220.0,,,,,,,,,,,,,,,
2002,sakarya,523213.0,438268.0,83.8,430167.0,189246.0,,15586.0,,3268.0,,2575.0,29668.0,,7313.0,,,2946.0,,26581.0,,,108822.0,,,,,,,,,,,,1624.0,,,775.0,,,,20866.0,635.0,,776.0,,14748.0,,,,633.0,,,,,,1821.0,3770.0,,,,,,,,,,,,,,,,
1999,sakarya,486022.0,435408.0,89.6,417957.0,,,57894.0,,4768.0,866.0,,18072.0,,,501.0,1481.0,80960.0,1563.0,64035.0,524.0,102052.0,,6168.0,,,,,,,,,,,664.0,,,1815.0,,,,73813.0,1018.0,,1592.0,,,,484.0,,,,,,592.0,,,,20.0,,,,,,,,,,,,,,,
1995,sakarya,456343.0,400328.0,87.7,391314.0,,,97195.0,,,,,17918.0,,,,,54301.0,,76604.0,,,,4852.0,,,,,,,,,,,631.0,,,,,,,23909.0,2432.0,,,110867.0,,,,,,,,1883.0,1340.0,590.0,,,,,,,,,,,,,,,,,,
1991,sakarya,408296.0,351289.0,86.0,340731.0,,,88244.0,,,,,,,,,,42006.0,,95728.0,,,,,,,,,,,,,,,,,,,,,,,,,,79380.0,,34339.0,,1333.0,,,,,,,,,333.0,,,,,,,,,,,,,,,
1987,sakarya,356457.0,329134.0,92.3,321543.0,,,111400.0,,,,,,,,,,32732.0,,86136.0,,,,,,,,,,,,,,2101.0,,,,,9442.0,,,,,,,34127.0,,46059.0,,,,,,,,,,,190.0,,,,,,,,,,,,,,,
1983,sakarya,265691.0,249337.0,93.8,239171.0,,,118301.0,,,,,,,,,,,,,,,,,,,,,,,66256.0,,,,,,,,,54614.0,,,,,,,,,,,,,,,,,,,,,,,,,,,,,,,,,,
2018,maras,738677.0,661140.0,89.5,648790.0,391098.0,,,,,,,65348.0,,,,,,,,,,,,,,,25730.0,,,,1556.0,,,,64494.0,,,,,,109216.0,,,,,10060.0,,,,,,1377.0,,,,,,0.0,,,,,,,,,,,,,,,
1 Kasım 2015,maras,700210.0,609748.0,87.1,601490.0,441137.0,,,,5298.0,,702.0,60034.0,,,,715.0,162.0,,216.0,,,,,26.0,,,23475.0,,1372.0,,,,,,,979.0,204.0,,,,78929.0,207.0,,,,3923.0,,,,,,712.0,,,,,,0.0,,,,,,,,,,,,,,,
7 Haziran 2015,maras,696315.0,590412.0,84.8,578192.0,359608.0,231.0,,,,,1313.0,51412.0,,,,859.0,1223.0,,517.0,,,,,20.0,8.0,,32457.0,,1432.0,,,,,,,86.0,6.0,,,472.0,116527.0,194.0,,,,21293.0,,,,,2848.0,760.0,,,,,2.0,270.0,,,,,,,,,,,,,,,
2011,maras,656579.0,569385.0,86.7,561588.0,391986.0,,,,11103.0,,,64584.0,,,,2941.0,629.0,,850.0,578.0,,,,,,5239.0,,769.0,,,,,,,,,0.0,,,,73151.0,261.0,524.0,,,7374.0,,,,414.0,,,,,,,,3031.0,,,,,,,,,,,,,,,
2007,maras,573974.0,473530.0,82.5,466520.0,319534.0,,,,,,2889.0,46209.0,,,,20805.0,,,,,,3217.0,,,,,,,,,,2593.0,,1455.0,,,,,,,58226.0,,,584.0,,6848.0,,,,1195.0,,,,,,,,6323.0,,,,,,,,,,,,,,,
2002,maras,541615.0,407824.0,75.3,400127.0,216388.0,,19298.0,,8967.0,,1596.0,45123.0,,12830.0,,,3983.0,,36163.0,,,8695.0,,,,,,,,,,,,1493.0,,,514.0,,,,34456.0,791.0,,478.0,,6774.0,,,,380.0,,,,,,2474.0,1174.0,,,,,,,,,,,,,,,,
1999,maras,494971.0,431151.0,87.1,414418.0,,,38579.0,,15906.0,1453.0,,33067.0,,,523.0,,24742.0,1298.0,73134.0,560.0,95807.0,,7300.0,,,,,,,,,,,962.0,,,1139.0,,,,117042.0,1359.0,,1126.0,,,,495.0,,,,,,708.0,,,,67.0,,,,,,,,,,,,,,,
1995,maras,451436.0,372483.0,82.5,363735.0,,,72368.0,,,,,33813.0,,,,,9792.0,,60434.0,,,,9813.0,,,,,,,,,,,703.0,,,,,,,38253.0,1800.0,,,134331.0,,,,,,,,1074.0,1242.0,431.0,,,804.0,,,,,,,,,,,,,,,
1991,maras,406535.0,329027.0,80.9,320272.0,,,59336.0,,,,,,,,,,6317.0,,82684.0,,,,,,,,,,,,,,,,,,,,,,,,,,110637.0,,60468.0,,1424.0,,,,,,,,,,,,,,,,,,,,,,,,
1987,maras,339031.0,316793.0,93.4,309491.0,,,91362.0,,,,,,,,,,10028.0,,70072.0,,,,,,,,,,,,,,2320.0,,,,,31009.0,,,,,,,42829.0,,62491.0,,,,,,,,,,,,,,,,,,,,,,,,,,
1983,maras,243005.0,220584.0,90.8,210635.0,,,102698.0,,,,,,,,,,,,,,,,,,,,,,,51626.0,,,,,,,,,53204.0,,,,,,,,,,,,,,,,,,,3107.0,,,,,,,,,,,,,,,
2018,diyarbakir,1023389.0,856317.0,83.7,826242.0,182763.0,,,,,,,21306.0,,,,,,,,,,,,,,,558601.0,,,,32.0,,,,23860.0,,,,,,11981.0,,,,,14303.0,,,,,,1223.0,,,,,,37755.0,,,,,,,,,,,,,,,
1 Kasım 2015,diyarbakir,958170.0,814937.0,85.1,791401.0,181456.0,,,,2777.0,,515.0,15921.0,,,,315.0,222.0,,8.0,,,,,1304.0,,,580294.0,,2119.0,,,,,,,798.0,28.0,,,,6520.0,218.0,,,,2200.0,,,,,,311.0,,,,,,18237.0,,,,,,,,,,,,,,,
7 Haziran 2015,diyarbakir,949859.0,825403.0,86.9,805652.0,122031.0,330.0,,,,,1473.0,10830.0,,,,379.0,629.0,,23.0,,,,,1912.0,11.0,,640689.0,,1024.0,,,,,,,127.0,8.0,,,5.0,10213.0,197.0,,,,4160.0,,,,,1688.0,627.0,,,,,3.0,27887.0,,,,,,,,,,,,,,,
2011,diyarbakir,867711.0,705091.0,81.3,678459.0,218552.0,,,,6999.0,,,15882.0,,,,1985.0,1271.0,,705.0,0.0,,,,,,3454.0,,0.0,,,,,,,,,0.0,,,,5733.0,741.0,571.0,,,2941.0,,,,1435.0,,,,,,,,419095.0,,,,,,,,,,,,,,,
2007,diyarbakir,675192.0,479617.0,71.0,465708.0,191214.0,,,,,,1649.0,9407.0,,,,24381.0,,,,,,1434.0,,,,,,,,,,2690.0,,614.0,,,,,,,11431.0,,,518.0,,3248.0,,,,1131.0,,,,,,,,219779.0,,,,,,,,,,,,,,,
2002,diyarbakir,615103.0,437595.0,71.1,420430.0,67298.0,,17056.0,,2784.0,,1215.0,24963.0,,236689.0,,,4829.0,,30330.0,,,7323.0,,,,,,,,,,,,696.0,,,614.0,,,,6415.0,1017.0,,791.0,,9691.0,,,,490.0,,,,,,1865.0,1903.0,5711.0,,,,,,,,,,,,,,,
1999,diyarbakir,546722.0,434201.0,79.4,406455.0,,,45307.0,,4162.0,2136.0,,12273.0,1922.0,,753.0,3790.0,20265.0,7419.0,45527.0,552.0,59310.0,,186808.0,,,,,,,,,,,781.0,,,1121.0,,,,11217.0,1306.0,,,,,,729.0,,,,,,1090.0,,,,565.0,,,,,,,,,,,,,,,
1995,diyarbakir,449962.0,342820.0,76.2,328973.0,,,45612.0,,,,,6501.0,,,,,8643.0,,35754.0,,,,152803.0,,,,,,,,,,,731.0,,,,,,,6443.0,1746.0,,,62049.0,,,,,,,,5188.0,2344.0,555.0,,,1620.0,,,,,,,,,,,,,,,
1991,diyarbakir,406477.0,315964.0,77.7,300114.0,,,42068.0,,,,,,,,,,7779.0,,60053.0,,,,,,,,,,,,,,,,,,,,,,,,,,36238.0,,149955.0,,1619.0,,,,,,,,,2959.0,,,,,,,,,,,,,,,
1987,diyarbakir,342646.0,311979.0,91.0,297399.0,,,68333.0,,,,,,,,,,27898.0,,39597.0,,,,,,,,,,,,,,1956.0,,,,,2028.0,,,,,,,72925.0,,76074.0,,,,,,,,,,,9185.0,,,,,,,,,,,,,,,
1983,diyarbakir,239802.0,198232.0,82.7,179019.0,,,58557.0,,,,,,,,,,,,,,,,,,,,,,,75217.0,,,,,,,,,45245.0,,,,,,,,,,,,,,,,,,,,,,,,,,,,,,,,,,
2018,bursa,2147723.0,1930043.0,89.9,1893395.0,901530.0,,,,,,,443393.0,,,,,,,,,,,,,,,111030.0,,,,4500.0,,,,243015.0,,,,,,209461.0,,,,,33490.0,,,,,,4717.0,,,,,,885.0,,,,,,,,,,,,,,,
1 Kasım 2015,bursa,2045485.0,1829943.0,89.5,1808112.0,1003822.0,,,,9953.0,,2339.0,490316.0,,,,3694.0,1527.0,,18.0,,,,,4666.0,,,83684.0,,3034.0,,,,,,,1663.0,1237.0,,,,227426.0,1009.0,,,,18896.0,,,,,,4407.0,,,,,,327.0,,,,,,,,,,,,,,,
7 Haziran 2015,bursa,2028417.0,1783055.0,87.9,1750164.0,787698.0,1131.0,,,,,4268.0,496215.0,,,,3860.0,3831.0,,1826.0,,,,,3315.0,23.0,,104711.0,,2094.0,,,,,,,488.0,1564.0,,,972.0,313117.0,835.0,,,,56789.0,,,,,34.0,6364.0,,,,,554.0,872.0,,,,,,,,,,,,,,,
2011,bursa,1876748.0,1678968.0,89.5,1647463.0,875380.0,,,,9597.0,,,412887.0,,,,14545.0,4888.0,,3692.0,0.0,,,,,,15145.0,,10867.0,,,,,,,,,781.0,,,,238137.0,3271.0,1674.0,,,32619.0,,,,1861.0,,,,,,,,27284.0,,,,,,,,,,,,,,,
2007,bursa,1515111.0,1344846.0,88.8,1304381.0,666531.0,,,,,,8627.0,241856.0,,,,73878.0,,,,,,48948.0,,,,,,,,,,7332.0,,4537.0,,,2598.0,,,,188252.0,,,2433.0,,51679.0,,,,2462.0,,,,,,,,14183.0,,,,,,,,,,,,,,,
2002,bursa,1487412.0,1186482.0,79.8,1132057.0,469280.0,,55334.0,,6819.0,,7122.0,173299.0,,23869.0,,,15061.0,,130414.0,,,98740.0,,,,,,,,,,,,4436.0,,,5711.0,,,,73717.0,2331.0,,3213.0,,33273.0,,,,1733.0,,,,,,14093.0,16251.0,1448.0,,,,,,,,,,,,,,,
1999,bursa,1289774.0,1160134.0,89.9,1113043.0,,,178397.0,,7656.0,1764.0,,42420.0,,,1437.0,2861.0,357441.0,6878.0,142708.0,1408.0,171450.0,,19174.0,,,,,,,,,,,1485.0,,,5507.0,,,,161872.0,2444.0,,7352.0,,,,968.0,,,,,,1418.0,,,,897.0,,,,,,,,,,,,,,,
1995,bursa,1159716.0,1032937.0,89.1,994072.0,,,215920.0,,,,,58353.0,,,,,210010.0,,244831.0,,,,13667.0,,,,,,,,,,,1709.0,,,,,,,54079.0,3422.0,,,187077.0,,,,,,,,3183.0,2852.0,1224.0,,,815.0,,,,,,,,,,,,,,,
1991,bursa,938145.0,835287.0,89.0,813129.0,,,226286.0,,,,,,,,,,119355.0,,254366.0,,,,,,,,,,,,,,,,,,,,,,,,,,110819.0,,100341.0,,3066.0,,,,,,,,,404.0,,,,,,,,,,,,,,,
1987,bursa,829040.0,792940.0,95.6,766952.0,,,282998.0,,,,,,,,,,68223.0,,200149.0,,,,,,,,,,,,,,5642.0,,,,,13044.0,,,,,,,48396.0,,148504.0,,,,,,,,,,,1533.0,,,,,,,,,,,,,,,
1983,bursa,625323.0,594327.0,95.0,566481.0,,,268736.0,,,,,,,,,,,,,,,,,,,,,,,150912.0,,,,,,,,,146833.0,,,,,,,,,,,,,,,,,,,,,,,,,,,,,,,,,,
2018,van,637867.0,529789.0,83.1,511859.0,167667.0,,,,,,,13914.0,,,,,,,,,,,,,,,313017.0,,,,4773.0,,,,6720.0,,,,,,16245.0,,,,,4208.0,,,,,,850.0,,,,,,314.0,,,,,,,,,,,,,,,
1 Kasım 2015,van,599698.0,486467.0,81.1,474252.0,149796.0,,,,2292.0,,306.0,9095.0,,,,230.0,205.0,,358.0,,,,,886.0,,,313177.0,,1760.0,,,,,,,385.0,17.0,,,,6351.0,68.0,,,,2198.0,,,,,,220.0,,,,,,0.0,,,,,,,,,,,,,,,
7 Haziran 2015,van,596809.0,504243.0,84.5,492582.0,101153.0,234.0,,,,,863.0,6804.0,,,,218.0,462.0,,14.0,,,,,933.0,6.0,,370829.0,,804.0,,,,,,,109.0,5.0,,,3.0,14382.0,137.0,,,,3470.0,,,,,10.0,254.0,,,,,2.0,3260.0,,,,,,,,,,,,,,,
2011,van,547016.0,440289.0,80.5,426031.0,171753.0,,,,5383.0,,,16044.0,,,,1852.0,1269.0,,0.0,0.0,,,,,,1764.0,,0.0,,,,,,,,,500.0,,,,12737.0,362.0,451.0,,,1981.0,,,,1540.0,,,,,,,,211131.0,,,,,,,,,,,,,,,
2007,van,414936.0,313087.0,75.5,305138.0,163193.0,,,,,,2491.0,12445.0,,,,8410.0,,,,,,1873.0,,,,,,,,,,1806.0,,1158.0,,,,,,,9933.0,,,,,3996.0,,,,1386.0,,,,,,,,99973.0,,,,,,,,,,,,,,,
2002,van,359562.0,267840.0,74.5,257475.0,66797.0,,11570.0,,3352.0,,1791.0,13307.0,,105520.0,,,3765.0,,16743.0,,,5578.0,,,,,,,,,,,,787.0,,,477.0,,,,8297.0,745.0,,556.0,,9064.0,,,,362.0,,,,,,2323.0,1352.0,5901.0,,,,,,,,,,,,,,,
1999,van,320254.0,259777.0,81.1,244106.0,,,23868.0,,5213.0,1482.0,,12416.0,670.0,,431.0,,10084.0,1058.0,27055.0,273.0,46126.0,,87307.0,,,,,,,,,,,380.0,,,700.0,,,,19659.0,1597.0,,703.0,,,,453.0,,,,,,701.0,,,,4316.0,,,,,,,,,,,,,,,
1995,van,278384.0,226520.0,81.4,217300.0,,,36173.0,,,,,5093.0,,,,,4437.0,,21662.0,,,,61006.0,,,,,,,,,,,483.0,,,,,,,15555.0,2119.0,,,51755.0,,,,,,,,5907.0,1110.0,480.0,,,12191.0,,,,,,,,,,,,,,,
1991,van,232622.0,198268.0,85.2,191180.0,,,50305.0,,,,,,,,,,3379.0,,50793.0,,,,,,,,,,,,,,,,,,,,,,,,,,43098.0,,42694.0,,1197.0,,,,,,,,,69.0,,,,,,,,,,,,,,,
1987,van,198988.0,184008.0,92.5,172852.0,,,43927.0,,,,,,,,,,16872.0,,24388.0,,,,,,,,,,,,,,1957.0,,,,,7120.0,,,,,,,30064.0,,24331.0,,,,,,,,,,,24539.0,,,,,,,,,,,,,,,
1983,van,142664.0,129034.0,90.4,122070.0,,,38758.0,,,,,,,,,,,,,,,,,,,,,,,29151.0,,,,,,,,,54161.0,,,,,,,,,,,,,,,,,,,,,,,,,,,,,,,,,,
2018,adana,1524922.0,1313497.0,86.1,1289267.0,461191.0,,,,,,,346425.0,,,,,,,,,,,,,,,179742.0,,,,7042.0,,,,161497.0,,,,,,156257.0,,,,,14118.0,,,,,,2502.0,,,,,,413.0,,,,,,,,,,,,,,,
1 Kasım 2015,adana,1483448.0,1271890.0,85.7,1255729.0,481851.0,,,,5028.0,,1107.0,379690.0,,,,1459.0,782.0,,12.0,,,,,2635.0,,,153880.0,,2106.0,,,,,,,658.0,915.0,,,,248655.0,488.0,,,,8175.0,,,,,,2948.0,,,,,,0.0,,,,,,,,,,,,,,,
7 Haziran 2015,adana,1477328.0,1254393.0,84.9,1229817.0,382219.0,608.0,,,,,1774.0,359280.0,,,,1549.0,1941.0,,1135.0,,,,,1308.0,16.0,,183491.0,,1481.0,,,,,,,318.0,979.0,,,652.0,290428.0,514.0,,,,19362.0,,,,,2223.0,3907.0,,,,,5.0,5014.0,,,,,,,,,,,,,,,
2011,adana,1401712.0,1196001.0,85.3,1168664.0,438321.0,,,,6885.0,,,361547.0,,,,6436.0,2144.0,,2055.0,0.0,,,,,,5265.0,,2183.0,,,,,,,,,332.0,,,,238140.0,2178.0,856.0,,,11078.0,,,,1322.0,,,,,,,,93169.0,,,,,,,,,,,,,,,
2007,adana,1189228.0,934190.0,78.6,910856.0,338122.0,,,,,,3118.0,209276.0,,,,48426.0,,,,,,27991.0,,,,,,,,,,4142.0,,3625.0,,,,,,,210006.0,,,1579.0,,14322.0,,,,1762.0,,,,,,,,54222.0,,,,,,,,,,,,,,,
2002,adana,1194078.0,887142.0,74.3,853417.0,229729.0,,31130.0,,4866.0,,2095.0,182436.0,,79397.0,,,11954.0,,98440.0,,,75464.0,,,,,,,,,,,,3962.0,,,1598.0,,,,97700.0,1487.0,,3765.0,,14178.0,,,,1759.0,,,,,,9025.0,6369.0,1115.0,,,,,,,,,,,,,,,
1999,adana,1056015.0,884597.0,83.8,845706.0,,,100141.0,,6294.0,2286.0,,67502.0,1056.0,,828.0,2219.0,219535.0,3439.0,79269.0,1465.0,87018.0,,62418.0,,,,,,,,,,,1632.0,,,1846.0,,,,199723.0,2112.0,,7030.0,,,,755.0,,,,,,841.0,,,,80.0,,,,,,,,,,,,,,,
1995,adana,1180702.0,980029.0,83.0,947779.0,,,157542.0,,,,,74898.0,,,,,178461.0,,165837.0,,,,63277.0,,,,,,,,,,,2165.0,,,,,,,136386.0,3734.0,,,158680.0,,,,,,,,3370.0,2460.0,1460.0,,,2437.0,,,,,,,,,,,,,,,
1991,adana,1015913.0,820230.0,80.7,797304.0,,,169175.0,,,,,,,,,,93119.0,,239377.0,,,,,,,,,,,,,,,,,,,,,,,,,,117303.0,,176264.0,,3155.0,,,,,,,,,390.0,,,,,,,,,,,,,,,
1987,adana,856972.0,795618.0,92.8,779658.0,,,264776.0,,,,,,,,,,78049.0,,149868.0,,,,,,,,,,,,,,5240.0,,,,,29797.0,,,,,,,43055.0,,210436.0,,,,,,,,,,,,,,,,,,,,,,,,,,
1983,adana,612685.0,557667.0,91.0,527145.0,,,213739.0,,,,,,,,,,,,,,,,,,,,,,,194641.0,,,,,,,,,114518.0,,,,,,,,,,,,,,,,,,,4247.0,,,,,,,,,,,,,,,
1977,mardin,239624.0,187248.0,78.1,183958.0,,,,,,,,39008.0,,,,,,,,,,,,,,,,,,,,,,,,,,,,,252.0,,,,,,,,,,,,,,,,,56908.0,,6.0,30385.0,,13643.0,,,1011.0,,,42751.0,,,,
1973,mardin,191490.0,140872.0,73.6,137853.0,,,,,,,,24417.0,,,,,,,,,,,,,,,,,,,,,,,,,,,,,622.0,,,,,,,,,,,,,,,,,31793.0,,6.0,25853.0,,14261.0,,,24213.0,,,16694.0,,,,
1969,mardin,178749.0,140087.0,78.3,137660.0,,,,,,,,16558.0,,,,,,,,,,,,,,,,,,,,,,,,,,,,,248.0,944.0,,,,,,,,,,,,,,,,53642.0,,6.0,38296.0,,,,,,11057.0,,,,317.0,,16598.0
1965,mardin,164289.0,121301.0,73.8,118445.0,,,,,,,,26611.0,,,,,,,,,,,,,,,,,,,,,,,,,,,,,,,,,,,,,,,,,,,,,,46329.0,,6.0,26828.0,,,2145.0,,,,,,,1965.0,,14567.0
1961,mardin,150006.0,119459.0,79.6,117283.0,,,,,,,,50734.0,,,,,,,,,,,,,,,,,,,,,,,,,,,,,,,,,,,,,,,,,,,,,,,,6.0,,,,25622.0,,,,,,,,,40927.0
1957,mardin,134107.0,105685.0,78.8,,,,,,,,,55571.0,,,,48379.0,,,,,,,,,,,,,,,,,,,,,,,,,,,,,,,,,,,,,,,,,,,,8.0,,,,,651.0,,,,,,,,
1954,mardin,124846.0,108952.0,87.3,,,,,,,,,44650.0,,,,60614.0,,,,,,,,,,,,,,,,,,,,,,,,,,,,,,,,,,,,,,,,,,21646.0,,7.0,,,,,,,,,,,,,
1950,mardin,104553.0,92178.0,88.2,,,,,,,,,44882.0,,,,45078.0,,,,,,,,,,,,,,,,,,,,,,,,,,,,,,,,,,,,,,,,,,47771.0,,7.0,,,,,,,,,,,,,
1977,sakarya,263060.0,201204.0,76.5,194390.0,,,,,,,,70233.0,,,,,,,,,,,,,,,,,,,,,,,,,,,,,8082.0,,,,,,,,,,,,,,,,,352.0,,5.0,86124.0,,2655.0,,,6255.0,,,20689.0,,,,
1973,sakarya,221103.0,143878.0,65.0,136455.0,,,,,,,,33705.0,,,,,,,,,,,,,,,,,,,,,,,,,,,,,3350.0,870.0,,,,,,,,,,,,,,,,747.0,,6.0,39928.0,,4622.0,,,28441.0,,,24792.0,,,,
1969,sakarya,196665.0,127016.0,64.5,120124.0,,,,,,,,34240.0,,,,,,,,,,,,,,,,,,,,,,,,,,,,,3940.0,4115.0,,,,,,,,,,,,,,,,5391.0,,6.0,64263.0,,,,,,5561.0,,,,1825.0,,789.0
1965,sakarya,178053.0,131183.0,73.7,125039.0,,,,,,,,26334.0,,,,,,,,,,,,,,,,,,,,,,,,,,,,,,8521.0,,,,,,,,,,,,,,,,413.0,,6.0,71625.0,,,2210.0,,,,,,,2777.0,,13159.0
1961,sakarya,166675.0,139486.0,83.7,133341.0,,,,,,,,37333.0,,,,,,,,,,,,,,,,,,,,,,,,,,,,,,,,,,,,,,,,,,,,,,197.0,,6.0,51242.0,,,16578.0,,,,,,,,,28039.0
1957,sakarya,147842.0,120909.0,81.8,,,,,,,,,34110.0,,,,70248.0,,,,,,,,,,,,,,,,,,,,,,,,,,,,,,,,,,,,,,,,,,8.0,,8.0,,,,,6144.0,,,8665.0,,,,,
1954,sakarya,,,,,,,,,,,,,,,,,,,,,,,,,,,,,,,,,,,,,,,,,,,,,,,,,,,,,,,,,,,,,,,,,,,,,,,,,
1950,sakarya,,,,,,,,,,,,,,,,,,,,,,,,,,,,,,,,,,,,,,,,,,,,,,,,,,,,,,,,,,,,,,,,,,,,,,,,,
1977,kocaeli,282508.0,193436.0,68.5,187886.0,,,,,,,,82278.0,,,,,,,,,,,,,,,,,,,,,,,,,,,,,3387.0,,,,,,,,,,,,,,,,,,,5.0,75193.0,,2021.0,,,4082.0,,,19951.0,538.0,434.0,,
1973,kocaeli,199369.0,133443.0,66.9,128233.0,,,,,,,,43128.0,,,,,,,,,,,,,,,,,,,,,,,,,,,,,1478.0,598.0,,,,,,,,,,,,,,,,558.0,,5.0,41474.0,,4576.0,,,12166.0,,,23247.0,1008.0,,,
1969,kocaeli,160992.0,105250.0,65.3,100610.0,,,,,,,,33194.0,,,,,,,,,,,,,,,,,,,,,,,,,,,,,1389.0,5903.0,,,,,,,,,,,,,,,,212.0,,4.0,52671.0,1360.0,,,,,3543.0,,,,1914.0,,424.0
1965,kocaeli,147971.0,111422.0,75.3,106196.0,,,,,,,,31622.0,,,,,,,,,,,,,,,,,,,,,,,,,,,,,,9192.0,,,,,,,,,,,,,,,,155.0,,5.0,58931.0,,,1486.0,,,,,,,3495.0,,1315.0
1961,kocaeli,140326.0,114691.0,81.7,110272.0,,,,,,,,42752.0,,,,,,,,,,,,,,,,,,,,,,,,,,,,,,,,,,,,,,,,,,,,,,,,5.0,49404.0,,,15507.0,,,,,,,,,2609.0
1957,kocaeli,129281.0,98208.0,76.0,,,,,,,,,38300.0,,,,49517.0,,,,,,,,,,,,,,,,,,,,,,,,,,,,,,,,,,,,,,,,,,,,6.0,,,,,5727.0,,,4047.0,,,,,
1954,kocaeli,230590.0,204468.0,88.7,,,,,,,,,60860.0,,,,127578.0,,,,,,,,,,,,,,,,,,,,798.0,,,,,,,,,,,,,,,,,,,,,,1184.0,,12.0,,,,,12008.0,,,,,,,,
1950,kocaeli,198729.0,181624.0,91.4,,,,,,,,,64828.0,,,,105910.0,,,,,,,,,,,,,,,,,,,,,,,,,,8251.0,,,,,,,,,,,,,,,,,,11.0,,,,,,,,,,,,,
1977,hatay,368454.0,276821.0,75.1,270576.0,,,,,,,,148967.0,,,,,,,,,,,,,,,,,,,,,,,,,,,,,24444.0,,,,,,,,,,,,,,,,,6.0,,8.0,77395.0,,2423.0,,,1834.0,,,13853.0,1170.0,490.0,,
1973,hatay,251734.0,158446.0,62.9,150498.0,,,,,,,,56382.0,,,,,,,,,,,,,,,,,,,,,,,,,,,,,7708.0,665.0,,,,,,,,,,,,,,,,5862.0,,7.0,35117.0,,9741.0,,,22621.0,,,9680.0,2722.0,,,
1969,hatay,216275.0,143729.0,66.4,137880.0,,,,,,,,41450.0,,,,,,,,,,,,,,,,,,,,,,,,,,,,,3657.0,582.0,,,,,,,,,,,,,,,,23116.0,,7.0,54411.0,2974.0,,,,,6028.0,,,,5033.0,,629.0
1965,hatay,196797.0,120469.0,61.2,116488.0,,,,,,,,36342.0,,,,,,,,,,,,,,,,,,,,,,,,,,,,,,2376.0,,,,,,,,,,,,,,,,,,7.0,66956.0,,,1712.0,,,,,,,5371.0,,3731.0
1961,hatay,186896.0,151513.0,81.1,145825.0,,,,,,,,54279.0,,,,,,,,,,,,,,,,,,,,,,,,,,,,,,,,,,,,,,,,,,,,,,4920.0,,7.0,31588.0,,,5145.0,,,,,,,,,49697.0
1957,hatay,172193.0,135238.0,78.5,,,,,,,,,62562.0,,,,60617.0,,,,,,,,,,,,,,,,,,,,,,,,,,,,,,,,,,,,,,,,,,,,9.0,,,,,2653.0,,,7503.0,,,,,
1954,hatay,140205.0,129274.0,92.2,,,,,,,,,48746.0,,,,76136.0,,,,,,,,,,,,,,,,,,,,,,,,,,,,,,,,,,,,,,,,,,8.0,,8.0,,,,,2034.0,,,,,,,,
1950,hatay,116756.0,103561.0,88.7,,,,,,,,,53818.0,,,,49240.0,,,,,,,,,,,,,,,,,,,,,,,,,,,,,,,,,,,,,,,,,,,,6.0,,,,,,,,,,,,,
