city,year,registered_voters,turnout,valid_vote,saadet partisi,btp,tkp,vatan partisi,chp,ak parti,dp,mhp,iyi parti,hdp,dsp,bgmz,anap,ldp,dtp,ip,hakpar,bbp,bdp,millet partisi,odp,emep,hyp,dyp,rp,sbp,shp,ydp,bagimsizlar,baskanlik sayisi,atp,genc parti,ytp,huda par,a.p.,turk parti,hkp,myp,yurtp,hepar,bp,dbp,dehap,depar,fp,hadep,sip,BAĞIMSIZLAR_vote,bagimsizlar_percent,percent_turnout,ANAP_vote,anap_percent,DSP_vote,dsp_percent,DYP_vote,dyp_percent,IDP_vote,idp_percent,MÇP_vote,mcp_percent,RP_vote,rp_percent,SHP_vote,shp_percent,prev_year,winner,prev_winner,swing,nationalist,right_wing,left_wing,political_islam,kurdish,liberal,socialist,soc_democ,populist,nat_prev,right_wing_prev,left_wing_prev,political_islam_prev,kurdish_prev,liberal_prev,socialist_prev,social_democ_prev,populist_prev
adana,2019,1535332.0,1279796.0,1223105.0,23214.0,3161.0,2529.0,5764.0,656704.0,0.0,0.0,523751.0,0.0,0.0,6298.0,1684.0,,,,,,,,,,,,,,,,,,,,,,,,,,,,,,,,,,,,,,0.8335630339236074,,,,,,,,,,,,,,,2014.0,chp,mhp,1,0.0,0.0,1.0,0.0,0.0,1.0,0.0,1.0,0.0,1.0,1.0,0.0,0.0,0.0,0.0,0.0,0.0,0.0
ankara,2019,3922163.0,3362641.0,3263648.0,34182.0,5576.0,4629.0,6238.0,1662209.0,1538410.0,0.0,0.0,0.0,0.0,9706.0,2698.0,,,,,,,,,,,,,,,,,,,,,,,,,,,,,,,,,,,,,,0.8573435117306445,,,,,,,,,,,,,,,2014.0,chp,akp,1,0.0,0.0,1.0,0.0,0.0,1.0,0.0,1.0,0.0,0.0,1.0,0.0,1.0,0.0,0.0,0.0,0.0,1.0
antalya,2019,1707819.0,1456390.0,1411011.0,13601.0,2071.0,2135.0,3711.0,714302.0,652882.0,8073.0,0.0,0.0,0.0,13477.0,759.0,,,,,,,,,,,,,,,,,,,,,,,,,,,,,,,,,,,,,,0.8527777241030812,,,,,,,,,,,,,,,2014.0,chp,akp,1,0.0,0.0,1.0,0.0,0.0,1.0,0.0,1.0,0.0,0.0,1.0,0.0,1.0,0.0,0.0,0.0,0.0,1.0
aydin,2019,820708.0,709289.0,683704.0,5641.0,1302.0,1836.0,2890.0,368791.0,299056.0,0.0,0.0,0.0,0.0,4188.0,0.0,,,,,,,,,,,,,,,,,,,,,,,,,,,,,,,,,,,,,,0.8642403875678073,,,,,,,,,,,,,,,2014.0,chp,chp,0,0.0,0.0,1.0,0.0,0.0,1.0,0.0,1.0,0.0,0.0,0.0,1.0,0.0,0.0,1.0,0.0,1.0,0.0
balikesir,2019,942088.0,817225.0,785432.0,7810.0,2144.0,1381.0,3425.0,0.0,375539.0,12654.0,0.0,365333.0,10197.0,5880.0,1069.0,,,,,,,,,,,,,,,,,,,,,,,,,,,,,,,,,,,,,,0.8674614261088136,,,,,,,,,,,,,,,2014.0,akp,akp,0,0.0,1.0,0.0,1.0,0.0,0.0,0.0,0.0,1.0,0.0,1.0,0.0,1.0,0.0,0.0,0.0,0.0,1.0
bursa,2019,2176696.0,1869050.0,1810393.0,32589.0,3545.0,1451.0,4024.0,851377.0,898430.0,11747.0,0.0,0.0,0.0,5975.0,1255.0,,,,,,,,,,,,,,,,,,,,,,,,,,,,,,,,,,,,,,0.8586637729843764,,,,,,,,,,,,,,,2014.0,akp,akp,0,0.0,1.0,0.0,1.0,0.0,0.0,0.0,0.0,1.0,0.0,1.0,0.0,1.0,0.0,0.0,0.0,0.0,1.0
denizli,2019,754368.0,665945.0,636308.0,4955.0,1768.0,1015.0,2427.0,0.0,321932.0,6985.0,0.0,279654.0,8833.0,4393.0,4346.0,,,,,,,,,,,,,,,,,,,,,,,,,,,,,,,,,,,,,,0.8827853249342495,,,,,,,,,,,,,,,2014.0,akp,akp,0,0.0,1.0,0.0,1.0,0.0,0.0,0.0,0.0,1.0,0.0,1.0,0.0,1.0,0.0,0.0,0.0,0.0,1.0
diyarbakir,2019,1048250.0,824904.0,779593.0,15789.0,1425.0,909.0,521.0,14270.0,241633.0,0.0,0.0,0.0,490571.0,4378.0,10097.0,,,,,,,,,,,,,,,,,,,,,,,,,,,,,,,,,,,,,,0.7869344145003577,,,,,,,,,,,,,,,2014.0,hdp,bdp,1,0.0,0.0,1.0,0.0,1.0,1.0,1.0,1.0,0.0,1.0,0.0,1.0,0.0,1.0,1.0,1.0,1.0,0.0
erzurum,2019,498253.0,405591.0,384917.0,8668.0,1902.0,629.0,620.0,9331.0,241789.0,0.0,0.0,97945.0,23167.0,866.0,0.0,,,,,,,,,,,,,,,,,,,,,,,,,,,,,,,,,,,,,,0.8140262075692469,,,,,,,,,,,,,,,2014.0,akp,akp,0,0.0,1.0,0.0,1.0,0.0,0.0,0.0,0.0,1.0,0.0,1.0,0.0,1.0,0.0,0.0,0.0,0.0,1.0
eskisehir,2019,651356.0,560763.0,546269.0,6579.0,872.0,602.0,1162.0,285688.0,246582.0,0.0,0.0,0.0,0.0,4296.0,488.0,,,,,,,,,,,,,,,,,,,,,,,,,,,,,,,,,,,,,,0.8609163038338482,,,,,,,,,,,,,,,2014.0,chp,chp,0,0.0,0.0,1.0,0.0,0.0,1.0,0.0,1.0,0.0,0.0,0.0,1.0,0.0,0.0,1.0,0.0,1.0,0.0
gaziantep,2019,1227454.0,966758.0,917080.0,17359.0,4125.0,2345.0,3179.0,0.0,494906.0,0.0,0.0,150831.0,0.0,240313.0,4022.0,,,,,,,,,,,,,,,,,,,,,,,,,,,,,,,,,,,,,,0.7876124074710743,,,,,,,,,,,,,,,2014.0,akp,akp,0,0.0,1.0,0.0,1.0,0.0,0.0,0.0,0.0,1.0,0.0,1.0,0.0,1.0,0.0,0.0,0.0,0.0,1.0
hatay,2019,1067817.0,913730.0,888857.0,7547.0,1140.0,818.0,1829.0,490431.0,380455.0,0.0,0.0,0.0,0.0,6213.0,424.0,,,,,,,,,,,,,,,,,,,,,,,,,,,,,,,,,,,,,,0.8556990570481646,,,,,,,,,,,,,,,2014.0,chp,chp,0,0.0,0.0,1.0,0.0,0.0,1.0,0.0,1.0,0.0,0.0,0.0,1.0,0.0,0.0,1.0,0.0,1.0,0.0
icel,2019,1281570.0,1094234.0,1057902.0,7202.0,1939.0,2187.0,3998.0,477020.0,0.0,127168.0,433669.0,0.0,0.0,4719.0,0.0,,,,,,,,,,,,,,,,,,,,,,,,,,,,,,,,,,,,,,0.8538230451711573,,,,,,,,,,,,,,,2014.0,chp,mhp,1,0.0,0.0,1.0,0.0,0.0,1.0,0.0,1.0,0.0,1.0,1.0,0.0,0.0,0.0,0.0,0.0,0.0,0.0
istanbul,2019,10560963.0,8925166.0,8746566.0,47832.0,0.0,0.0,13962.0,4742082.0,3936068.0,0.0,0.0,0.0,0.0,0.0,6622.0,,,,,,,,,,,,,,,,,,,,,,,,,,,,,,,,,,,,,,0.8451091060540596,,,,,,,,,,,,,,,2014.0,chp,akp,1,0.0,0.0,1.0,0.0,0.0,1.0,0.0,1.0,0.0,0.0,1.0,0.0,1.0,0.0,0.0,0.0,0.0,1.0
izmir,2019,3250780.0,2740742.0,2667297.0,30180.0,3956.0,8061.0,7963.0,1550192.0,1032359.0,11209.0,0.0,0.0,0.0,20509.0,2868.0,,,,,,,,,,,,,,,,,,,,,,,,,,,,,,,,,,,,,,0.8431028860765724,,,,,,,,,,,,,,,2014.0,chp,chp,0,0.0,0.0,1.0,0.0,0.0,1.0,0.0,1.0,0.0,0.0,0.0,1.0,0.0,0.0,1.0,0.0,1.0,0.0
kayseri,2019,956149.0,820938.0,789750.0,21688.0,4031.0,1361.0,2380.0,0.0,500621.0,0.0,0.0,248947.0,4542.0,3218.0,2962.0,,,,,,,,,,,,,,,,,,,,,,,,,,,,,,,,,,,,,,0.8585879397457927,,,,,,,,,,,,,,,2014.0,akp,akp,0,0.0,1.0,0.0,1.0,0.0,0.0,0.0,0.0,1.0,0.0,1.0,0.0,1.0,0.0,0.0,0.0,0.0,1.0
kocaeli,2019,1349480.0,1151218.0,1098319.0,54640.0,4692.0,3470.0,2827.0,0.0,610507.0,6143.0,0.0,359060.0,41870.0,10876.0,4234.0,,,,,,,,,,,,,,,,,,,,,,,,,,,,,,,,,,,,,,0.8530826688798648,,,,,,,,,,,,,,,2014.0,akp,akp,0,0.0,1.0,0.0,1.0,0.0,0.0,0.0,0.0,1.0,0.0,1.0,0.0,1.0,0.0,0.0,0.0,0.0,1.0
konya,2019,1521399.0,1285194.0,1218037.0,50099.0,8623.0,3690.0,3423.0,0.0,859115.0,5647.0,0.0,245997.0,26589.0,6486.0,8368.0,,,,,,,,,,,,,,,,,,,,,,,,,,,,,,,,,,,,,,0.8447448696890165,,,,,,,,,,,,,,,2014.0,akp,akp,0,0.0,1.0,0.0,1.0,0.0,0.0,0.0,0.0,1.0,0.0,1.0,0.0,1.0,0.0,0.0,0.0,0.0,1.0
malatya,2019,561708.0,464819.0,446292.0,23709.0,1482.0,625.0,618.0,103690.0,305588.0,1651.0,0.0,0.0,6555.0,1345.0,1029.0,,,,,,,,,,,,,,,,,,,,,,,,,,,,,,,,,,,,,,0.8275100230012746,,,,,,,,,,,,,,,2014.0,akp,akp,0,0.0,1.0,0.0,1.0,0.0,0.0,0.0,0.0,1.0,0.0,1.0,0.0,1.0,0.0,0.0,0.0,0.0,1.0
manisa,2019,1052970.0,933133.0,873021.0,10098.0,4290.0,2888.0,3853.0,0.0,0.0,12014.0,460671.0,332338.0,37919.0,6626.0,2324.0,,,,,,,,,,,,,,,,,,,,,,,,,,,,,,,,,,,,,,0.8861914394522161,,,,,,,,,,,,,,,2014.0,mhp,mhp,0,1.0,1.0,0.0,0.0,0.0,0.0,0.0,0.0,0.0,1.0,1.0,0.0,0.0,0.0,0.0,0.0,0.0,0.0
kahramanmaras,2019,754604.0,656611.0,624585.0,13145.0,5412.0,888.0,1857.0,170407.0,422222.0,0.0,0.0,0.0,0.0,7628.0,3026.0,,,,,,,,,,,,,,,,,,,,,,,,,,,,,,,,,,,,,,0.8701398349332895,,,,,,,,,,,,,,,2014.0,akp,akp,0,0.0,1.0,0.0,1.0,0.0,0.0,0.0,0.0,1.0,0.0,1.0,0.0,1.0,0.0,0.0,0.0,0.0,1.0
mardin,2019,484284.0,390707.0,371334.0,4258.0,615.0,399.0,154.0,6781.0,143060.0,1102.0,0.0,4078.0,208854.0,760.0,1273.0,,,,,,,,,,,,,,,,,,,,,,,,,,,,,,,,,,,,,,0.8067724723509345,,,,,,,,,,,,,,,2014.0,hdp,bgmz,1,0.0,0.0,1.0,0.0,1.0,1.0,1.0,1.0,0.0,,,,,,,,,
mugla,2019,726123.0,627276.0,603862.0,3335.0,18753.0,1406.0,2100.0,217476.0,171621.0,22978.0,0.0,0.0,0.0,5148.0,161045.0,,,,,,,,,,,,,,,,,,,,,,,,,,,,,,,,,,,,,,0.8638701707561942,,,,,,,,,,,,,,,2014.0,chp,chp,0,0.0,0.0,1.0,0.0,0.0,1.0,0.0,1.0,0.0,0.0,0.0,1.0,0.0,0.0,1.0,0.0,1.0,0.0
ordu,2019,581352.0,497766.0,474904.0,124114.0,1473.0,903.0,1037.0,73468.0,270377.0,1337.0,0.0,0.0,0.0,1788.0,407.0,,,,,,,,,,,,,,,,,,,,,,,,,,,,,,,,,,,,,,0.8562213598645915,,,,,,,,,,,,,,,2014.0,akp,akp,0,0.0,1.0,0.0,1.0,0.0,0.0,0.0,0.0,1.0,0.0,1.0,0.0,1.0,0.0,0.0,0.0,0.0,1.0
sakarya,2019,717122.0,621122.0,594535.0,23108.0,4245.0,1137.0,1392.0,0.0,386700.0,3346.0,0.0,164246.0,6147.0,2621.0,1593.0,,,,,,,,,,,,,,,,,,,,,,,,,,,,,,,,,,,,,,0.8661315647825614,,,,,,,,,,,,,,,2014.0,akp,akp,0,0.0,1.0,0.0,1.0,0.0,0.0,0.0,0.0,1.0,0.0,1.0,0.0,1.0,0.0,0.0,0.0,0.0,1.0
samsun,2019,970988.0,838085.0,800171.0,12323.0,13437.0,1524.0,1729.0,0.0,379150.0,5191.0,0.0,213558.0,0.0,4592.0,168667.0,,,,,,,,,,,,,,,,,,,,,,,,,,,,,,,,,,,,,,0.8631260118559653,,,,,,,,,,,,,,,2014.0,akp,akp,0,0.0,1.0,0.0,1.0,0.0,0.0,0.0,0.0,1.0,0.0,1.0,0.0,1.0,0.0,0.0,0.0,0.0,1.0
tekirdag,2019,749926.0,640044.0,621778.0,6181.0,921.0,1044.0,1156.0,318412.0,272581.0,2258.0,0.0,0.0,11699.0,7008.0,518.0,,,,,,,,,,,,,,,,,,,,,,,,,,,,,,,,,,,,,,0.8534762096526858,,,,,,,,,,,,,,,2014.0,chp,chp,0,0.0,0.0,1.0,0.0,0.0,1.0,0.0,1.0,0.0,0.0,0.0,1.0,0.0,0.0,1.0,0.0,1.0,0.0
trabzon,2019,594589.0,497876.0,475451.0,15502.0,2821.0,950.0,1335.0,0.0,307167.0,3747.0,0.0,140421.0,0.0,2117.0,1391.0,,,,,,,,,,,,,,,,,,,,,,,,,,,,,,,,,,,,,,0.8373447877441392,,,,,,,,,,,,,,,2014.0,akp,akp,0,0.0,1.0,0.0,1.0,0.0,0.0,0.0,0.0,1.0,0.0,1.0,0.0,1.0,0.0,0.0,0.0,0.0,1.0
sanliurfa,2019,1093515.0,893936.0,848816.0,308510.0,6284.0,2614.0,3327.0,0.0,516202.0,0.0,0.0,0.0,0.0,7843.0,4036.0,,,,,,,,,,,,,,,,,,,,,,,,,,,,,,,,,,,,,,0.8174885575415061,,,,,,,,,,,,,,,2014.0,akp,akp,0,0.0,1.0,0.0,1.0,0.0,0.0,0.0,0.0,1.0,0.0,1.0,0.0,1.0,0.0,0.0,0.0,0.0,1.0
van,2019,652878.0,512563.0,483905.0,9081.0,680.0,727.0,447.0,9191.0,196040.0,0.0,0.0,5232.0,260609.0,1898.0,0.0,,,,,,,,,,,,,,,,,,,,,,,,,,,,,,,,,,,,,,0.785082358419184,,,,,,,,,,,,,,,2014.0,hdp,bdp,1,0.0,0.0,1.0,0.0,1.0,1.0,1.0,1.0,0.0,1.0,0.0,1.0,0.0,1.0,1.0,1.0,1.0,0.0
adana,2009,1019592.0,835470.0,802522.0,12641.0,1546.0,786.0,,209876.0,237206.0,4964.0,238706.0,,,9670.0,683.0,2023.0,490.0,74421.0,0.0,1130.0,6507.0,0.0,930.0,0.0,0.0,943.0,,,,,,,,,,,,,,,,,,,,,,,,,,,0.8194160016947956,,,,,,,,,,,,,,,2004.0,mhp,akp,1,1.0,1.0,0.0,0.0,0.0,0.0,0.0,0.0,0.0,0.0,1.0,0.0,1.0,0.0,0.0,0.0,0.0,1.0
ankara,2009,2979744.0,2533176.0,2440455.0,29878.0,6001.0,2270.0,,763879.0,940230.0,6877.0,667871.0,,,0.0,1200.0,6174.0,1233.0,11353.0,0.0,0.0,0.0,0.0,3489.0,0.0,0.0,0.0,,,,,,,,,,,,,,,,,,,,,,,,,,,0.8501320918844035,,,,,,,,,,,,,,,2004.0,akp,akp,0,0.0,1.0,0.0,1.0,0.0,0.0,0.0,0.0,1.0,0.0,1.0,0.0,1.0,0.0,0.0,0.0,0.0,1.0
antalya,2009,653936.0,539782.0,524052.0,9301.0,1149.0,710.0,,214325.0,176331.0,4900.0,92287.0,,,2220.0,206.0,1421.0,296.0,19867.0,0.0,0.0,0.0,0.0,0.0,1039.0,0.0,0.0,,,,,,,,,,,,,,,,,,,,,,,,,,,0.8254355166254802,,,,,,,,,,,,,,,2004.0,chp,akp,1,0.0,0.0,1.0,0.0,0.0,1.0,0.0,1.0,0.0,0.0,1.0,0.0,1.0,0.0,0.0,0.0,0.0,1.0
bursa,2009,1331645.0,1122453.0,1074707.0,32298.0,5895.0,1974.0,,289750.0,506825.0,66083.0,132652.0,,,13192.0,6028.0,6980.0,875.0,0.0,0.0,0.0,12155.0,0.0,0.0,0.0,0.0,0.0,,,,,,,,,,,,,,,,,,,,,,,,,,,0.842907081091432,,,,,,,,,,,,,,,2004.0,akp,akp,0,0.0,1.0,0.0,1.0,0.0,0.0,0.0,0.0,1.0,0.0,1.0,0.0,1.0,0.0,0.0,0.0,0.0,1.0
diyarbakir,2009,450963.0,360973.0,349230.0,2038.0,668.0,342.0,,2011.0,111134.0,1752.0,962.0,,,841.0,0.0,0.0,,227472.0,394.0,1616.0,0.0,0.0,0.0,0.0,0.0,0.0,,,,,,,,,,,,,,,,,,,,,,,,,,,0.8004492608041014,,,,,,,,,,,,,,,2004.0,dtp,shp,1,0.0,0.0,1.0,0.0,1.0,1.0,1.0,1.0,0.0,0.0,0.0,1.0,0.0,0.0,1.0,0.0,1.0,1.0
erzurum,2009,227052.0,183443.0,178380.0,10325.0,435.0,184.0,,1993.0,101524.0,905.0,60477.0,,,322.0,0.0,0.0,,2215.0,0.0,0.0,0.0,0.0,0.0,0.0,0.0,0.0,,,,,,,,,,,,,,,,,,,,,,,,,,,0.8079338653700474,,,,,,,,,,,,,,,2004.0,akp,akp,0,0.0,1.0,0.0,1.0,0.0,0.0,0.0,0.0,1.0,0.0,1.0,0.0,1.0,0.0,0.0,0.0,0.0,1.0
eskisehir,2009,460672.0,392825.0,378540.0,6153.0,463.0,448.0,,10598.0,140478.0,3957.0,21408.0,,,195035.0,0.0,0.0,,0.0,0.0,0.0,0.0,0.0,0.0,0.0,0.0,0.0,,,,,,,,,,,,,,,,,,,,,,,,,,,0.8527216761600445,,,,,,,,,,,,,,,2004.0,dsp,dsp,0,0.0,0.0,1.0,0.0,0.0,1.0,0.0,1.0,0.0,0.0,0.0,1.0,0.0,0.0,1.0,0.0,1.0,0.0
gaziantep,2009,729349.0,594367.0,569897.0,18875.0,1577.0,610.0,,172101.0,304014.0,1767.0,28612.0,,,2050.0,490.0,0.0,,32268.0,0.0,0.0,7533.0,0.0,0.0,0.0,0.0,0.0,,,,,,,,,,,,,,,,,,,,,,,,,,,0.8149281071201853,,,,,,,,,,,,,,,2004.0,akp,akp,0,0.0,1.0,0.0,1.0,0.0,0.0,0.0,0.0,1.0,0.0,1.0,0.0,1.0,0.0,0.0,0.0,0.0,1.0
icel,2009,552367.0,456339.0,439265.0,2501.0,748.0,562.0,,135632.0,92715.0,1107.0,108775.0,,,16128.0,376.0,0.0,,79483.0,0.0,718.0,0.0,0.0,520.0,0.0,0.0,0.0,,,,,,,,,,,,,,,,,,,,,,,,,,,0.8261518157312077,,,,,,,,,,,,,,,2004.0,chp,chp,0,0.0,0.0,1.0,0.0,0.0,1.0,0.0,1.0,0.0,0.0,0.0,1.0,0.0,0.0,1.0,0.0,1.0,0.0
istanbul,2009,8805063.0,7199083.0,6946435.0,337014.0,17071.0,7709.0,,2568710.0,3105555.0,33089.0,348269.0,,,90399.0,5541.0,21960.0,3025.0,314229.0,0.0,9502.0,79401.0,0.0,4961.0,0.0,0.0,0.0,,,,,,,,,,,,,,,,,,,,,,,,,,,0.8176072107604454,,,,,,,,,,,,,,,2004.0,akp,akp,0,0.0,1.0,0.0,1.0,0.0,0.0,0.0,0.0,1.0,0.0,1.0,0.0,1.0,0.0,0.0,0.0,0.0,1.0
izmir,2009,2422480.0,2043178.0,1972359.0,18428.0,5992.0,5483.0,,1107562.0,599395.0,14169.0,138056.0,,,30659.0,38867.0,6569.0,1420.0,0.0,0.0,0.0,0.0,0.0,0.0,0.0,0.0,5759.0,,,,,,,,,,,,,,,,,,,,,,,,,,,0.8434240943165682,,,,,,,,,,,,,,,2004.0,chp,chp,0,0.0,0.0,1.0,0.0,0.0,1.0,0.0,1.0,0.0,0.0,0.0,1.0,0.0,0.0,1.0,0.0,1.0,0.0
kayseri,2009,581273.0,494668.0,477233.0,21352.0,2979.0,681.0,,40862.0,291333.0,4509.0,107637.0,,,3496.0,272.0,2018.0,392.0,0.0,0.0,0.0,0.0,0.0,901.0,0.0,801.0,0.0,,,,,,,,,,,,,,,,,,,,,,,,,,,0.8510080461332282,,,,,,,,,,,,,,,2004.0,akp,akp,0,0.0,1.0,0.0,1.0,0.0,0.0,0.0,0.0,1.0,0.0,1.0,0.0,1.0,0.0,0.0,0.0,0.0,1.0
kocaeli,2009,1025094.0,891735.0,857940.0,73952.0,1106.0,1471.0,,272389.0,407170.0,18354.0,55515.0,,,5641.0,0.0,0.0,,14308.0,0.0,0.0,8034.0,0.0,0.0,0.0,0.0,0.0,,,,,,,,,,,,,,,,,,,,,,,,,,,0.869905589145971,,,,,,,,,,,,,,,2004.0,akp,akp,0,0.0,1.0,0.0,1.0,0.0,0.0,0.0,0.0,1.0,0.0,1.0,0.0,1.0,0.0,0.0,0.0,0.0,1.0
konya,2009,643648.0,537776.0,521199.0,77240.0,1923.0,447.0,,16687.0,356570.0,1664.0,56796.0,,,4043.0,0.0,0.0,191.0,4560.0,0.0,0.0,0.0,0.0,604.0,0.0,0.0,474.0,,,,,,,,,,,,,,,,,,,,,,,,,,,0.8355125783036691,,,,,,,,,,,,,,,2004.0,akp,akp,0,0.0,1.0,0.0,1.0,0.0,0.0,0.0,0.0,1.0,0.0,1.0,0.0,1.0,0.0,0.0,0.0,0.0,1.0
sakarya,2009,417592.0,362515.0,351875.0,25337.0,873.0,392.0,,26961.0,157626.0,5608.0,129313.0,,,1378.0,349.0,1213.0,239.0,0.0,0.0,0.0,2586.0,0.0,0.0,0.0,0.0,0.0,,,,,,,,,,,,,,,,,,,,,,,,,,,0.8681081055192629,,,,,,,,,,,,,,,2004.0,akp,akp,0,0.0,1.0,0.0,1.0,0.0,0.0,0.0,0.0,1.0,0.0,1.0,0.0,1.0,0.0,0.0,0.0,0.0,1.0
samsun,2009,376980.0,313710.0,299805.0,11692.0,894.0,743.0,,63548.0,144174.0,9645.0,61703.0,,,6801.0,248.0,0.0,357.0,0.0,0.0,0.0,0.0,0.0,0.0,0.0,0.0,0.0,,,,,,,,,,,,,,,,,,,,,,,,,,,0.8321661626611492,,,,,,,,,,,,,,,2004.0,akp,akp,0,0.0,1.0,0.0,1.0,0.0,0.0,0.0,0.0,1.0,0.0,1.0,0.0,1.0,0.0,0.0,0.0,0.0,1.0
adana,1994,10904360.0,9739574.0,9143354.0,,,,,267604.0,,7100.0,413811.0,,,1026674.0,,1992281.0,,,16592.0,,35057.0,,31888.0,,,,1451809.0,2048519.0,17297.0,1799059.0,21979.0,13684.0,,,,,,,,,,,,,,,,,,,,,0.8931816264319961,,,,,,,,,,,,,,,1989.0,rp,shp,1,0.0,1.0,0.0,1.0,0.0,0.0,0.0,0.0,1.0,0.0,0.0,1.0,0.0,0.0,1.0,0.0,1.0,1.0
ankara,1994,1670867.0,1525392.0,1439838.0,,,,,30082.0,,,104304.0,,,111740.0,,268519.0,,,3023.0,,8649.0,,5727.0,,,,119824.0,393623.0,3413.0,387152.0,2756.0,1026.0,,,,,,,,,,,,,,,,,,,,,0.9129344226679921,,,,,,,,,,,,,,,1989.0,rp,shp,1,0.0,1.0,0.0,1.0,0.0,0.0,0.0,0.0,1.0,0.0,0.0,1.0,0.0,0.0,1.0,0.0,1.0,1.0
antalya,1994,260054.0,230050.0,214775.0,,,,,22164.0,,,20717.0,,,18351.0,,40895.0,,,601.0,,641.0,,796.0,,,,71325.0,19442.0,840.0,18382.0,621.0,,,,,,,,,,,,,,,,,,,,,,0.884623962715436,,,,,,,,,,,,,,,1989.0,dyp,,0,0.0,1.0,0.0,0.0,0.0,0.0,0.0,0.0,1.0,,,,,,,,,
bursa,1994,590162.0,554609.0,518917.0,,,,,5130.0,,1534.0,16160.0,,,94228.0,,144309.0,,,955.0,,1409.0,,2184.0,,,,122200.0,96113.0,776.0,32313.0,1305.0,301.0,,,,,,,,,,,,,,,,,,,,,0.9397572192042185,,,,,,,,,,,,,,,1989.0,anap,dyp,1,1.0,1.0,0.0,0.0,0.0,0.0,0.0,0.0,1.0,0.0,1.0,0.0,0.0,0.0,0.0,0.0,0.0,1.0
diyarbakir,1994,169466.0,119754.0,86302.0,,,,,1846.0,,,3755.0,,,,,18826.0,,,548.0,,672.0,,,,,,13691.0,31865.0,,12588.0,674.0,1837.0,,,,,,,,,,,,,,,,,,,,,0.7066550222463504,,,,,,,,,,,,,,,1989.0,rp,,0,0.0,1.0,0.0,1.0,0.0,0.0,0.0,0.0,1.0,,,,,,,,,
erzurum,1994,133846.0,119082.0,111942.0,,,,,575.0,,486.0,28370.0,,,1516.0,,23775.0,,,212.0,,1978.0,,593.0,,,,9643.0,41965.0,,1838.0,991.0,,,,,,,,,,,,,,,,,,,,,,0.8896941260852024,,,,,,,,,,,,,,,1989.0,rp,,0,0.0,1.0,0.0,1.0,0.0,0.0,0.0,0.0,1.0,,,,,,,,,
eskisehir,1994,282758.0,268413.0,256919.0,,,,,21371.0,,,13131.0,,,52128.0,,49045.0,,,429.0,,546.0,,930.0,,,,52665.0,35615.0,438.0,26984.0,704.0,2933.0,,,,,,,,,,,,,,,,,,,,,0.9492675715629619,,,,,,,,,,,,,,,1989.0,dyp,,0,0.0,1.0,0.0,0.0,0.0,0.0,0.0,0.0,1.0,,,,,,,,,
gaziantep,1994,325128.0,279437.0,255113.0,,,,,9866.0,,1073.0,19067.0,,,16534.0,,37042.0,,,798.0,,1731.0,,1003.0,,,,26350.0,69817.0,,70466.0,1366.0,,,,,,,,,,,,,,,,,,,,,,0.8594676558155557,,,,,,,,,,,,,,,1989.0,shp,shp,1,0.0,0.0,1.0,0.0,0.0,1.0,0.0,1.0,1.0,0.0,0.0,1.0,0.0,0.0,1.0,0.0,1.0,1.0
icel,1994,239391.0,193867.0,176698.0,,,,,13972.0,,842.0,9037.0,,,9817.0,,65879.0,,,591.0,,481.0,,371.0,,,,19628.0,14184.0,,41531.0,365.0,,,,,,,,,,,,,,,,,,,,,,0.8098341207480649,,,,,,,,,,,,,,,1989.0,anap,,0,1.0,1.0,0.0,0.0,0.0,0.0,0.0,0.0,1.0,,,,,,,,,
istanbul,1994,4585817.0,4078906.0,3865126.0,,,,,54028.0,,,72121.0,,,478612.0,,855897.0,,,5215.0,,13662.0,,12294.0,,,,597461.0,973704.0,7075.0,784693.0,7979.0,2385.0,,,,,,,,,,,,,,,,,,,,,0.8894611363689393,,,,,,,,,,,,,,,1989.0,rp,shp,1,0.0,1.0,0.0,1.0,0.0,0.0,0.0,0.0,1.0,0.0,0.0,1.0,0.0,0.0,1.0,0.0,1.0,1.0
izmir,1994,1245691.0,1132708.0,1061184.0,,,,,26909.0,,2825.0,,,,159394.0,,208607.0,,,2165.0,,,,2776.0,,,,294647.0,74120.0,3121.0,281721.0,2221.0,2678.0,,,,,,,,,,,,,,,,,,,,,0.9093009422079793,,,,,,,,,,,,,,,1989.0,dyp,shp,1,0.0,1.0,0.0,0.0,0.0,0.0,0.0,0.0,1.0,0.0,0.0,1.0,0.0,0.0,1.0,0.0,1.0,1.0
kayseri,1994,256656.0,236524.0,221202.0,,,,,5368.0,,,56546.0,,,8773.0,,33800.0,,,338.0,,1413.0,,733.0,,,,16882.0,68665.0,,27747.0,937.0,,,,,,,,,,,,,,,,,,,,,,0.9215603765351287,,,,,,,,,,,,,,,1989.0,rp,shp,1,0.0,1.0,0.0,1.0,0.0,0.0,0.0,0.0,1.0,0.0,0.0,1.0,0.0,0.0,1.0,0.0,1.0,1.0
kocaeli,1994,119255.0,109908.0,103310.0,,,,,2477.0,,340.0,2043.0,,,8966.0,,10087.0,,,110.0,,286.0,,180.0,,,,20440.0,26688.0,,31487.0,206.0,,,,,,,,,,,,,,,,,,,,,,0.9216217349377385,,,,,,,,,,,,,,,1989.0,shp,,0,0.0,0.0,1.0,0.0,0.0,1.0,0.0,1.0,1.0,,,,,,,,,
konya,1994,302033.0,281868.0,266484.0,,,,,1190.0,,,21058.0,,,5173.0,,86956.0,,,316.0,,1605.0,,2580.0,,,,11202.0,130353.0,,4971.0,781.0,299.0,,,,,,,,,,,,,,,,,,,,,0.9332357722500522,,,,,,,,,,,,,,,1989.0,rp,rp,1,0.0,1.0,0.0,1.0,0.0,0.0,0.0,0.0,1.0,0.0,1.0,0.0,1.0,0.0,0.0,0.0,0.0,1.0
samsun,1994,190549.0,173280.0,163168.0,,,,,52147.0,,,13470.0,,,7806.0,,21815.0,,,255.0,,970.0,,754.0,,,,30422.0,27631.0,467.0,7070.0,361.0,,,,,,,,,,,,,,,,,,,,,,0.9093723924030039,,,,,,,,,,,,,,,1989.0,chp,,0,0.0,0.0,1.0,0.0,0.0,1.0,0.0,1.0,0.0,,,,,,,,,
adana,2004,715938.0,484729.0,461381.0,9877.0,939.0,718.0,,83119.0,183376.0,,43178.0,,,4248.0,,,,,785.0,,1758.0,,589.0,,,,58885.0,,,55537.0,,1527.0,,1096.0,14863.0,886.0,,,,,,,,,,,,,,,,,0.6770544376747707,,,,,,,,,,,,,,,1999.0,akp,anap,1,0.0,1.0,0.0,1.0,0.0,0.0,0.0,0.0,1.0,1.0,1.0,0.0,0.0,0.0,0.0,0.0,0.0,1.0
ankara,2004,2269442.0,1703844.0,1636633.0,11205.0,3897.0,2775.0,,206630.0,901001.0,,74815.0,,,14905.0,,5986.0,,,4313.0,,8379.0,,1257.0,,,,32376.0,,,341231.0,,1386.0,,,26477.0,,,,,,,,,,,,,,,,,,0.7507766226235347,,,,,,,,,,,,,,,1999.0,akp,fp,1,0.0,1.0,0.0,1.0,0.0,0.0,0.0,0.0,1.0,0.0,1.0,0.0,1.0,0.0,0.0,0.0,0.0,1.0
antalya,2004,413294.0,278196.0,268678.0,1348.0,364.0,421.0,,70119.0,92419.0,,15201.0,,,1961.0,,695.0,,,354.0,,724.0,,513.0,,,,69891.0,,,10273.0,,384.0,,,4011.0,,,,,,,,,,,,,,,,,,0.6731188935721303,,,,,,,,,,,,,,,1999.0,akp,chp,1,0.0,1.0,0.0,1.0,0.0,0.0,0.0,0.0,1.0,0.0,0.0,1.0,0.0,0.0,1.0,0.0,1.0,0.0
bursa,2004,820333.0,598305.0,572398.0,22058.0,2379.0,1062.0,,98986.0,307960.0,,20171.0,,,13012.0,,6019.0,,,,,2725.0,,774.0,,,,68146.0,,,9530.0,,846.0,,1089.0,17641.0,,,,,,,,,,,,,,,,,,0.7293440590589432,,,,,,,,,,,,,,,1999.0,akp,dsp,1,0.0,1.0,0.0,1.0,0.0,0.0,0.0,0.0,1.0,0.0,0.0,1.0,0.0,0.0,1.0,0.0,1.0,0.0
diyarbakir,2004,272935.0,158006.0,152493.0,1468.0,349.0,208.0,,1332.0,53816.0,,1155.0,,,533.0,,645.0,,,178.0,,775.0,,,,,,2299.0,,,88907.0,,317.0,,,511.0,,,,,,,,,,,,,,,,,,0.5789143935369228,,,,,,,,,,,,,,,1999.0,shp,hadep,1,0.0,0.0,1.0,0.0,0.0,1.0,0.0,1.0,1.0,0.0,0.0,1.0,0.0,1.0,1.0,1.0,1.0,0.0
erzurum,2004,189595.0,114181.0,110270.0,3914.0,212.0,118.0,,1702.0,67463.0,,32640.0,,,240.0,,190.0,,,75.0,,928.0,,,,,,2033.0,,,,,,,,755.0,,,,,,,,,,,,,,,,,,0.6022363458951977,,,,,,,,,,,,,,,1999.0,akp,mhp,1,0.0,1.0,0.0,1.0,0.0,0.0,0.0,0.0,1.0,1.0,1.0,0.0,0.0,0.0,0.0,0.0,0.0,0.0
eskisehir,2004,363459.0,293856.0,283431.0,2223.0,456.0,296.0,,,117205.0,,6128.0,,,126854.0,,965.0,,,385.0,,1004.0,,,,375.0,,23719.0,,,,,375.0,,,3446.0,,,,,,,,,,,,,,,,,,0.8084983450678068,,,,,,,,,,,,,,,1999.0,dsp,dsp,0,0.0,0.0,1.0,0.0,0.0,1.0,0.0,1.0,0.0,0.0,0.0,1.0,0.0,0.0,1.0,0.0,1.0,0.0
gaziantep,2004,479412.0,325245.0,309061.0,10839.0,1088.0,668.0,,103342.0,177529.0,,5391.0,,,1170.0,,580.0,,,683.0,,1806.0,,611.0,,,,1985.0,,,,,414.0,,640.0,2315.0,,,,,,,,,,,,,,,,,,0.6784248204049961,,,,,,,,,,,,,,,1999.0,akp,chp,1,0.0,1.0,0.0,1.0,0.0,0.0,0.0,0.0,1.0,0.0,0.0,1.0,0.0,0.0,1.0,0.0,1.0,0.0
icel,2004,340440.0,242129.0,231563.0,1357.0,289.0,224.0,,78830.0,46209.0,,43033.0,,,920.0,,462.0,,,368.0,,,,305.0,,,,2338.0,,,52189.0,,1618.0,,,3421.0,,,,,,,,,,,,,,,,,,0.711223710492304,,,,,,,,,,,,,,,1999.0,chp,dsp,1,0.0,0.0,1.0,0.0,0.0,1.0,0.0,1.0,0.0,0.0,0.0,1.0,0.0,0.0,1.0,0.0,1.0,0.0
istanbul,2004,6440606.0,4400637.0,4231487.0,228615.0,13312.0,8199.0,,1223856.0,1917577.0,,173274.0,,,57957.0,,51979.0,,,7919.0,,20560.0,,,,,,206410.0,,,153840.0,,5687.0,,8364.0,145120.0,8818.0,,,,,,,,,,,,,,,,,0.6832644319494159,,,,,,,,,,,,,,,1999.0,akp,fp,1,0.0,1.0,0.0,1.0,0.0,0.0,0.0,0.0,1.0,0.0,1.0,0.0,1.0,0.0,0.0,0.0,0.0,1.0
izmir,2004,1668368.0,1239915.0,1192541.0,6516.0,2323.0,2040.0,,562561.0,388336.0,,48535.0,,,11527.0,,10939.0,,,2777.0,,,,2134.0,,,,32708.0,,,49382.0,,1092.0,,,71671.0,,,,,,,,,,,,,,,,,,0.7431903512894038,,,,,,,,,,,,,,,1999.0,chp,dsp,1,0.0,0.0,1.0,0.0,0.0,1.0,0.0,1.0,0.0,0.0,0.0,1.0,0.0,0.0,1.0,0.0,1.0,0.0
kayseri,2004,353715.0,238431.0,232235.0,8125.0,894.0,248.0,,21580.0,163141.0,,21259.0,,,1174.0,,,,,438.0,,3953.0,,329.0,,765.0,,6547.0,,,,,575.0,,,2607.0,600.0,,,,,,,,,,,,,,,,,0.6740765870828209,,,,,,,,,,,,,,,1999.0,akp,fp,1,0.0,1.0,0.0,1.0,0.0,0.0,0.0,0.0,1.0,0.0,1.0,0.0,1.0,0.0,0.0,0.0,0.0,1.0
kocaeli,2004,157106.0,116746.0,112289.0,5186.0,381.0,170.0,,36176.0,57295.0,,2613.0,,,796.0,,378.0,,,,,243.0,,,,,,4554.0,,,2325.0,,175.0,,,1634.0,363.0,,,,,,,,,,,,,,,,,0.7431033824296972,,,,,,,,,,,,,,,1999.0,akp,chp,1,0.0,1.0,0.0,1.0,0.0,0.0,0.0,0.0,1.0,0.0,0.0,1.0,0.0,0.0,1.0,0.0,1.0,0.0
konya,2004,441115.0,345146.0,334946.0,88463.0,684.0,287.0,,7676.0,207721.0,,19975.0,,,624.0,,1108.0,,,336.0,,1602.0,,,,,,2076.0,,,2381.0,,996.0,,,1017.0,,,,,,,,,,,,,,,,,,0.7824399533001598,,,,,,,,,,,,,,,1999.0,akp,fp,1,0.0,1.0,0.0,1.0,0.0,0.0,0.0,0.0,1.0,0.0,1.0,0.0,1.0,0.0,0.0,0.0,0.0,1.0
sakarya,2004,239466.0,181507.0,175701.0,14150.0,504.0,225.0,,10942.0,65847.0,,18589.0,,,883.0,,1195.0,,,191.0,,570.0,,,,,,40684.0,,,1528.0,,852.0,,,19541.0,,,,,,,,,,,,,,,,,,0.7579656402161475,,,,,,,,,,,,,,,1999.0,akp,,0,0.0,1.0,0.0,1.0,0.0,0.0,0.0,0.0,1.0,,,,,,,,,
samsun,2004,240250.0,171830.0,163763.0,7670.0,416.0,306.0,,53531.0,75741.0,,9469.0,,,705.0,,,,,,,788.0,,,,,,10975.0,,,2064.0,,,,,2098.0,,,,,,,,,,,,,,,,,,0.715213319458897,,,,,,,,,,,,,,,1999.0,akp,anap,1,0.0,1.0,0.0,1.0,0.0,0.0,0.0,0.0,1.0,1.0,1.0,0.0,0.0,0.0,0.0,0.0,0.0,1.0
adana,2014,1457671.0,1287762.0,1236294.0,12875.0,1773.0,0.0,,306747.0,394481.0,0.0,414284.0,,90829.0,2050.0,2131.0,,338.0,,1703.0,842.0,5672.0,0.0,1835.0,0.0,0.0,,0.0,,,,,,,,0.0,,0.0,0.0,0.0,734.0,0.0,0.0,0.0,,,,,,,,,,0.88343803231319,,,,,,,,,,,,,,,2009.0,mhp,mhp,0,1.0,1.0,0.0,0.0,0.0,0.0,0.0,0.0,0.0,1.0,1.0,0.0,0.0,0.0,0.0,0.0,0.0,0.0
ankara,2014,3609048.0,3286145.0,3162112.0,15224.0,3340.0,0.0,,1385576.0,1417212.0,3304.0,245765.0,,27620.0,1900.0,3837.0,,405.0,,0.0,1829.0,41886.0,0.0,955.0,0.0,0.0,,1266.0,,,,,,,,0.0,,0.0,0.0,1129.0,1652.0,0.0,5010.0,4202.0,,,,,,,,,,0.9105295911830489,,,,,,,,,,,,,,,2009.0,akp,akp,0,0.0,1.0,0.0,1.0,0.0,0.0,0.0,0.0,1.0,0.0,1.0,0.0,1.0,0.0,0.0,0.0,0.0,1.0
antalya,2014,1514939.0,1362453.0,1308435.0,6906.0,1645.0,0.0,,453164.0,476485.0,3403.0,318508.0,,30216.0,2879.0,611.0,,203.0,,0.0,1095.0,7047.0,0.0,691.0,0.0,0.0,,1153.0,,,,,,,,0.0,,0.0,0.0,744.0,1046.0,0.0,0.0,2639.0,,,,,,,,,,0.8993451221468323,,,,,,,,,,,,,,,2009.0,akp,chp,1,0.0,1.0,0.0,1.0,0.0,0.0,0.0,0.0,1.0,0.0,0.0,1.0,0.0,0.0,1.0,0.0,1.0,0.0
aydin,2014,753064.0,684556.0,651427.0,2433.0,751.0,0.0,,285281.0,189921.0,1930.0,140362.0,,20275.0,2842.0,0.0,,202.0,,1096.0,701.0,2762.0,0.0,304.0,0.0,0.0,,846.0,,,,,,,,0.0,,0.0,0.0,0.0,638.0,0.0,0.0,1083.0,,,,,,,,,,0.9090276523642081,,,,,,,,,,,,,,,2009.0,chp,,0,0.0,0.0,1.0,0.0,0.0,1.0,0.0,1.0,0.0,,,,,,,,,
balikesir,2014,886591.0,809897.0,775541.0,8169.0,889.0,0.0,,196270.0,308267.0,0.0,245291.0,,6251.0,2663.0,0.0,,0.0,,0.0,607.0,3928.0,0.0,957.0,0.0,0.0,,1234.0,,,,,,,,0.0,,0.0,0.0,0.0,1015.0,0.0,0.0,0.0,,,,,,,,,,0.9134956253785568,,,,,,,,,,,,,,,2009.0,akp,,0,0.0,1.0,0.0,1.0,0.0,0.0,0.0,0.0,1.0,,,,,,,,,
bursa,2014,1982873.0,1799299.0,1721849.0,35665.0,2868.0,1006.0,,494890.0,852745.0,8796.0,264358.0,,28777.0,2873.0,1151.0,,407.0,,2172.0,1212.0,9447.0,0.0,1114.0,0.0,0.0,,3754.0,,,,,,,,0.0,,0.0,0.0,1467.0,1697.0,0.0,3571.0,3879.0,,,,,,,,,,0.9074201928212245,,,,,,,,,,,,,,,2009.0,akp,akp,0,0.0,1.0,0.0,1.0,0.0,0.0,0.0,0.0,1.0,0.0,1.0,0.0,1.0,0.0,0.0,0.0,0.0,1.0
denizli,2014,698884.0,647355.0,613195.0,2870.0,632.0,255.0,,237751.0,277178.0,3999.0,72638.0,,6404.0,653.0,813.0,,168.0,,968.0,490.0,5450.0,0.0,375.0,0.0,0.0,,1301.0,,,,,,,,0.0,,0.0,0.0,634.0,616.0,0.0,0.0,0.0,,,,,,,,,,0.9262695955265824,,,,,,,,,,,,,,,2009.0,akp,,0,0.0,1.0,0.0,1.0,0.0,0.0,0.0,0.0,1.0,,,,,,,,,
diyarbakir,2014,924677.0,760516.0,720619.0,6593.0,5789.0,0.0,,8610.0,252065.0,0.0,4677.0,,0.0,467.0,313.0,,0.0,,506.0,3188.0,7099.0,397148.0,0.0,0.0,0.0,,405.0,,,,,,,,0.0,,33256.0,0.0,503.0,0.0,0.0,0.0,0.0,,,,,,,,,,0.8224666559241768,,,,,,,,,,,,,,,2009.0,bdp,dtp,1,1.0,0.0,1.0,0.0,1.0,1.0,1.0,1.0,0.0,0.0,0.0,1.0,0.0,1.0,1.0,1.0,1.0,0.0
erzurum,2014,483198.0,416732.0,402555.0,9331.0,864.0,0.0,,6297.0,236886.0,1291.0,116494.0,,0.0,0.0,1108.0,,0.0,,214.0,529.0,3644.0,25096.0,0.0,0.0,0.0,,308.0,,,,,,,,0.0,,0.0,0.0,0.0,493.0,0.0,0.0,0.0,,,,,,,,,,0.862445622705392,,,,,,,,,,,,,,,2009.0,akp,akp,0,0.0,1.0,0.0,1.0,0.0,0.0,0.0,0.0,1.0,0.0,1.0,0.0,1.0,0.0,0.0,0.0,0.0,1.0
eskisehir,2014,602309.0,546580.0,524710.0,4638.0,513.0,0.0,,237414.0,204906.0,2985.0,58746.0,,3493.0,2073.0,425.0,,143.0,,0.0,335.0,6697.0,0.0,374.0,0.0,0.0,,641.0,,,,,,,,0.0,,0.0,0.0,0.0,397.0,0.0,0.0,930.0,,,,,,,,,,0.9074744026737107,,,,,,,,,,,,,,,2009.0,chp,dsp,1,0.0,0.0,1.0,0.0,0.0,1.0,0.0,1.0,0.0,0.0,0.0,1.0,0.0,0.0,1.0,0.0,1.0,0.0
gaziantep,2014,1092935.0,935600.0,898658.0,25266.0,2569.0,0.0,,192986.0,490398.0,7807.0,106881.0,,0.0,879.0,1192.0,,0.0,,0.0,1235.0,9612.0,55911.0,720.0,0.0,0.0,,2130.0,,,,,,,,0.0,,0.0,0.0,0.0,1072.0,0.0,0.0,0.0,,,,,,,,,,0.8560435890514989,,,,,,,,,,,,,,,2009.0,akp,akp,0,0.0,1.0,0.0,1.0,0.0,0.0,0.0,0.0,1.0,0.0,1.0,0.0,1.0,0.0,0.0,0.0,0.0,1.0
hatay,2014,968877.0,864537.0,839505.0,7012.0,878.0,0.0,,344301.0,339411.0,0.0,129400.0,,11194.0,587.0,513.0,,0.0,,0.0,434.0,2334.0,0.0,865.0,0.0,0.0,,319.0,,,,,,,,0.0,,0.0,0.0,0.0,635.0,0.0,0.0,1622.0,,,,,,,,,,0.8923083115813463,,,,,,,,,,,,,,,2009.0,chp,,0,0.0,0.0,1.0,0.0,0.0,1.0,0.0,1.0,0.0,,,,,,,,,
icel,2014,1186769.0,1061530.0,1014978.0,6479.0,1870.0,0.0,,287561.0,284273.0,2705.0,324257.0,,0.0,738.0,0.0,,520.0,,1757.0,658.0,3967.0,97957.0,517.0,0.0,0.0,,798.0,,,,,,,,0.0,,0.0,0.0,0.0,921.0,0.0,0.0,0.0,,,,,,,,,,0.8944706172810378,,,,,,,,,,,,,,,2009.0,mhp,chp,1,1.0,1.0,0.0,0.0,0.0,0.0,0.0,0.0,0.0,0.0,0.0,1.0,0.0,0.0,1.0,0.0,1.0,0.0
istanbul,2014,10002256.0,8941326.0,8553814.0,122950.0,10717.0,7524.0,,3428454.0,4101906.0,5604.0,339785.0,,414290.0,7221.0,3921.0,,1430.0,,15275.0,7371.0,47514.0,0.0,2311.0,0.0,0.0,,2344.0,,,,,,,,0.0,,0.0,0.0,0.0,4352.0,0.0,16614.0,14231.0,,,,,,,,,,0.8939309291823765,,,,,,,,,,,,,,,2009.0,akp,akp,0,0.0,1.0,0.0,1.0,0.0,0.0,0.0,0.0,1.0,0.0,1.0,0.0,1.0,0.0,0.0,0.0,0.0,1.0
izmir,2014,3032175.0,2740602.0,2637550.0,13813.0,2951.0,2246.0,,1308134.0,947516.0,4559.0,210272.0,,88797.0,13979.0,1814.0,,549.0,,10755.0,2140.0,12735.0,0.0,940.0,0.0,0.0,,2247.0,,,,,,,,0.0,,0.0,0.0,2160.0,2407.0,0.0,3204.0,6332.0,,,,,,,,,,0.9038403126468624,,,,,,,,,,,,,,,2009.0,chp,chp,0,0.0,0.0,1.0,0.0,0.0,1.0,0.0,1.0,0.0,0.0,0.0,1.0,0.0,0.0,1.0,0.0,1.0,0.0
kayseri,2014,877377.0,795638.0,765168.0,13173.0,1143.0,0.0,,68141.0,450748.0,2285.0,206569.0,,2633.0,0.0,849.0,,200.0,,478.0,609.0,16684.0,0.0,500.0,0.0,0.0,,438.0,,,,,,,,0.0,,0.0,0.0,0.0,718.0,0.0,0.0,0.0,,,,,,,,,,0.9068370837165779,,,,,,,,,,,,,,,2009.0,akp,akp,0,0.0,1.0,0.0,1.0,0.0,0.0,0.0,0.0,1.0,0.0,1.0,0.0,1.0,0.0,0.0,0.0,0.0,1.0
kocaeli,2014,1178676.0,1075800.0,1025139.0,50873.0,1441.0,0.0,,268150.0,518639.0,3570.0,144029.0,,24235.0,968.0,883.0,,225.0,,925.0,896.0,6528.0,0.0,547.0,0.0,0.0,,654.0,,,,,,,,0.0,,0.0,0.0,0.0,750.0,0.0,0.0,1826.0,,,,,,,,,,0.9127190169308614,,,,,,,,,,,,,,,2009.0,akp,akp,0,0.0,1.0,0.0,1.0,0.0,0.0,0.0,0.0,1.0,0.0,1.0,0.0,1.0,0.0,0.0,0.0,0.0,1.0
konya,2014,1402056.0,1265031.0,1206204.0,90115.0,1402.0,0.0,,69272.0,775164.0,4559.0,222640.0,,0.0,684.0,1253.0,,0.0,,1210.0,1406.0,10531.0,23490.0,982.0,0.0,0.0,,962.0,,,,,,,,0.0,,0.0,0.0,0.0,1309.0,0.0,0.0,1225.0,,,,,,,,,,0.9022685256509012,,,,,,,,,,,,,,,2009.0,akp,akp,0,0.0,1.0,0.0,1.0,0.0,0.0,0.0,0.0,1.0,0.0,1.0,0.0,1.0,0.0,0.0,0.0,0.0,1.0
malatya,2014,524621.0,457515.0,444973.0,43984.0,781.0,0.0,,79006.0,274185.0,0.0,34090.0,,6996.0,227.0,780.0,,50.0,,396.0,360.0,2134.0,0.0,1480.0,0.0,0.0,,191.0,,,,,,,,0.0,,0.0,0.0,0.0,313.0,0.0,0.0,0.0,,,,,,,,,,0.8720867064032892,,,,,,,,,,,,,,,2009.0,akp,,0,0.0,1.0,0.0,1.0,0.0,0.0,0.0,0.0,1.0,,,,,,,,,
manisa,2014,996258.0,928454.0,884968.0,6800.0,1334.0,0.0,,161770.0,324903.0,3522.0,354944.0,,21790.0,834.0,0.0,,0.0,,982.0,912.0,4355.0,0.0,589.0,0.0,0.0,,1046.0,,,,,,,,0.0,,0.0,0.0,0.0,1187.0,0.0,0.0,0.0,,,,,,,,,,0.9319413244360396,,,,,,,,,,,,,,,2009.0,mhp,,0,1.0,1.0,0.0,0.0,0.0,0.0,0.0,0.0,0.0,,,,,,,,,
kahramanmaras,2014,685013.0,617006.0,594803.0,7441.0,762.0,0.0,,37573.0,349891.0,1241.0,181180.0,,7740.0,0.0,0.0,,0.0,,395.0,498.0,6860.0,0.0,294.0,0.0,0.0,,286.0,,,,,,,,0.0,,0.0,0.0,0.0,642.0,0.0,0.0,0.0,,,,,,,,,,0.9007215921449666,,,,,,,,,,,,,,,2009.0,akp,,0,0.0,1.0,0.0,1.0,0.0,0.0,0.0,0.0,1.0,,,,,,,,,
mardin,2014,429381.0,360151.0,346133.0,8851.0,7084.0,0.0,,3177.0,129325.0,0.0,3236.0,,0.0,217.0,180697.0,,290.0,,323.0,767.0,4074.0,0.0,0.0,0.0,0.0,,275.0,,,,,,,,0.0,,7817.0,0.0,0.0,0.0,0.0,0.0,0.0,,,,,,,,,,0.8387679007687812,,,,,,,,,,,,,,,2009.0,bgmz,,0,,,,,,,,,,,,,,,,,,
mugla,2014,641464.0,581694.0,555390.0,2089.0,800.0,0.0,,272803.0,160937.0,0.0,100035.0,,8707.0,0.0,0.0,,250.0,,0.0,613.0,2788.0,0.0,1028.0,0.0,0.0,,4760.0,,,,,,,,0.0,,0.0,0.0,0.0,580.0,0.0,0.0,0.0,,,,,,,,,,0.9068225184889566,,,,,,,,,,,,,,,2009.0,chp,,0,0.0,0.0,1.0,0.0,0.0,1.0,0.0,1.0,0.0,,,,,,,,,
ordu,2014,535833.0,465633.0,440656.0,4529.0,660.0,0.0,,150429.0,239717.0,1510.0,35879.0,,1083.0,1841.0,599.0,,0.0,,0.0,0.0,3743.0,0.0,0.0,0.0,0.0,,0.0,,,,,,,,0.0,,0.0,0.0,0.0,666.0,0.0,0.0,0.0,,,,,,,,,,0.868989032030502,,,,,,,,,,,,,,,2009.0,akp,,0,0.0,1.0,0.0,1.0,0.0,0.0,0.0,0.0,1.0,,,,,,,,,
sakarya,2014,651613.0,596154.0,571968.0,17606.0,597.0,354.0,,52869.0,331138.0,2110.0,153192.0,,4659.0,403.0,1246.0,,126.0,,455.0,534.0,4216.0,0.0,0.0,0.0,0.0,,490.0,,,,,,,,0.0,,0.0,0.0,424.0,610.0,0.0,0.0,939.0,,,,,,,,,,0.9148896661054952,,,,,,,,,,,,,,,2009.0,akp,akp,0,0.0,1.0,0.0,1.0,0.0,0.0,0.0,0.0,1.0,0.0,1.0,0.0,1.0,0.0,0.0,0.0,0.0,1.0
samsun,2014,907487.0,810372.0,770285.0,13806.0,883.0,0.0,,122312.0,422373.0,3418.0,194246.0,,1555.0,673.0,916.0,,323.0,,785.0,0.0,4136.0,0.0,613.0,0.0,0.0,,918.0,,,,,,,,0.0,,0.0,0.0,803.0,985.0,0.0,0.0,1540.0,,,,,,,,,,0.8929846928936723,,,,,,,,,,,,,,,2009.0,akp,akp,0,0.0,1.0,0.0,1.0,0.0,0.0,0.0,0.0,1.0,0.0,1.0,0.0,1.0,0.0,0.0,0.0,0.0,1.0
tekirdag,2014,635473.0,576799.0,550376.0,3171.0,535.0,0.0,,251817.0,204353.0,3040.0,69717.0,,9477.0,2285.0,343.0,,119.0,,877.0,331.0,3618.0,0.0,267.0,0.0,0.0,,0.0,,,,,,,,0.0,,0.0,0.0,0.0,426.0,0.0,0.0,0.0,,,,,,,,,,0.907668775856724,,,,,,,,,,,,,,,2009.0,chp,,0,0.0,0.0,1.0,0.0,0.0,1.0,0.0,1.0,0.0,,,,,,,,,
trabzon,2014,552194.0,478707.0,461027.0,12871.0,1522.0,0.0,,114807.0,273812.0,0.0,51349.0,,473.0,239.0,634.0,,127.0,,330.0,0.0,2236.0,0.0,672.0,0.0,0.0,,961.0,,,,,,,,0.0,,0.0,0.0,474.0,520.0,0.0,0.0,0.0,,,,,,,,,,0.8669181483319268,,,,,,,,,,,,,,,2009.0,akp,,0,0.0,1.0,0.0,1.0,0.0,0.0,0.0,0.0,1.0,,,,,,,,,
sanliurfa,2014,935583.0,813950.0,784419.0,17760.0,3333.0,0.0,,6812.0,483407.0,0.0,18657.0,,0.0,331.0,0.0,,1197.0,,331.0,1092.0,4110.0,239563.0,1231.0,0.0,0.0,,0.0,,,,,,,,0.0,,6595.0,0.0,0.0,0.0,0.0,0.0,0.0,,,,,,,,,,0.869992293575236,,,,,,,,,,,,,,,2009.0,akp,,0,0.0,1.0,0.0,1.0,0.0,0.0,0.0,0.0,1.0,,,,,,,,,
van,2014,577899.0,473174.0,450965.0,5938.0,3241.0,0.0,,3502.0,185783.0,1892.0,3352.0,,0.0,0.0,0.0,,0.0,,382.0,1397.0,2362.0,239861.0,0.0,0.0,0.0,,0.0,,,,,,,,0.0,,3255.0,0.0,0.0,0.0,0.0,0.0,0.0,,,,,,,,,,0.8187832129835836,,,,,,,,,,,,,,,2009.0,bdp,,0,1.0,0.0,1.0,0.0,1.0,1.0,1.0,1.0,0.0,,,,,,,,,
adana,1999,629778.0,507265.0,479558.0,,,,,53458.0,,977.0,71802.0,,,96126.0,,126635.0,706.0,2452.0,664.0,,1356.0,,919.0,2816.0,738.0,,19985.0,,,,,,,,,,,,,,,,,929.0,497.0,,,52473.0,41832.0,283.0,5009.0,,0.805466370689354,,,,,,,,,,,,,,,1994.0,anap,rp,1,1.0,1.0,0.0,0.0,0.0,0.0,0.0,0.0,1.0,0.0,1.0,0.0,1.0,0.0,0.0,0.0,0.0,1.0
ankara,1999,1924115.0,1690527.0,1602528.0,,,,,512083.0,,,189400.0,,,169490.0,,106540.0,2611.0,3620.0,1706.0,,9312.0,,2375.0,6315.0,1691.0,,42128.0,,,,1021.0,,,,,,,,,,,,,2194.0,,,,541515.0,9631.0,896.0,,,0.8785997718431591,,,,,,,,,,,,,,,1994.0,fp,rp,1,0.0,1.0,0.0,1.0,0.0,0.0,0.0,0.0,1.0,0.0,1.0,0.0,1.0,0.0,0.0,0.0,0.0,1.0
antalya,1999,336572.0,271847.0,260989.0,,,,,57275.0,,,44893.0,,,48347.0,,28813.0,,1277.0,306.0,,928.0,,544.0,1169.0,184.0,,48521.0,,,,,,,,,,,,,,,,,494.0,,,,17544.0,10463.0,231.0,,,0.8076934504355681,,,,,,,,,,,,,,,1994.0,chp,dyp,1,0.0,0.0,1.0,0.0,0.0,1.0,0.0,1.0,0.0,0.0,1.0,0.0,0.0,0.0,0.0,0.0,0.0,1.0
bursa,1999,703153.0,623054.0,591465.0,,,,,15620.0,,,44647.0,,,171157.0,,122319.0,2761.0,4798.0,658.0,,2418.0,,1040.0,3779.0,,,116231.0,,,,721.0,,,,,,,,,,,,,1001.0,,,,94018.0,8263.0,551.0,1483.0,,0.8860859585324957,,,,,,,,,,,,,,,1994.0,dsp,anap,1,0.0,0.0,1.0,0.0,0.0,1.0,0.0,1.0,0.0,1.0,1.0,0.0,0.0,0.0,0.0,0.0,0.0,1.0
diyarbakir,1999,237798.0,174849.0,166329.0,,,,,2313.0,,957.0,1435.0,,,3964.0,,5810.0,,1029.0,179.0,,748.0,,,,,,3771.0,,,,,,,,,,,,,,,,,,1312.0,206.0,,40415.0,103924.0,266.0,,,0.7352837282062927,,,,,,,,,,,,,,,1994.0,hadep,rp,1,0.0,0.0,1.0,0.0,1.0,1.0,1.0,1.0,0.0,0.0,1.0,0.0,1.0,0.0,0.0,0.0,0.0,1.0
erzurum,1999,157550.0,125922.0,119845.0,,,,,3625.0,,,43626.0,,,4942.0,,7078.0,998.0,309.0,229.0,,4241.0,,,,,,22871.0,,,,536.0,,,,,,,,,,,,,,,,,31390.0,,,,,0.7992510314185973,,,,,,,,,,,,,,,1994.0,mhp,rp,1,1.0,1.0,0.0,0.0,0.0,0.0,0.0,0.0,0.0,0.0,1.0,0.0,1.0,0.0,0.0,0.0,0.0,1.0
eskisehir,1999,313487.0,285372.0,272812.0,,,,,10281.0,,597.0,23195.0,,,116979.0,,26087.0,,1602.0,269.0,,1022.0,,467.0,906.0,,,65012.0,,,,,,,,,,,,,,,,,,,,,25267.0,907.0,221.0,,,0.9103152602819256,,,,,,,,,,,,,,,1994.0,dsp,dyp,1,0.0,0.0,1.0,0.0,0.0,1.0,0.0,1.0,0.0,0.0,1.0,0.0,0.0,0.0,0.0,0.0,0.0,1.0
gaziantep,1999,396478.0,322718.0,303419.0,,,,,97015.0,,,41176.0,,,40731.0,,19213.0,,1004.0,505.0,,3536.0,,924.0,970.0,430.0,,14519.0,,,,406.0,,,,,,,,,,,,,,,,,62220.0,18755.0,242.0,1773.0,,0.813961934836233,,,,,,,,,,,,,,,1994.0,chp,shp,1,0.0,0.0,1.0,0.0,0.0,1.0,0.0,1.0,0.0,0.0,0.0,1.0,0.0,0.0,1.0,0.0,1.0,1.0
icel,1999,292800.0,228486.0,215615.0,,,,,39758.0,,,39213.0,,,41726.0,,27380.0,,984.0,309.0,,816.0,,620.0,1288.0,281.0,,9829.0,,,,,,,,,,,,,,,,,1004.0,203.0,,341.0,14000.0,37693.0,170.0,,,0.7803483606557376,,,,,,,,,,,,,,,1994.0,dsp,anap,1,0.0,0.0,1.0,0.0,0.0,1.0,0.0,1.0,0.0,1.0,1.0,0.0,0.0,0.0,0.0,0.0,0.0,1.0
istanbul,1999,5521300.0,4573976.0,4368656.0,,,,,607895.0,,,320734.0,,,882923.0,,977920.0,9995.0,7232.0,5072.0,,23010.0,,4462.0,23864.0,5729.0,,165114.0,,,,2849.0,,,,,,,,,,,,,8754.0,,,,1202050.0,114339.0,2864.0,3850.0,,0.8284237407856845,,,,,,,,,,,,,,,1994.0,fp,rp,1,0.0,1.0,0.0,1.0,0.0,0.0,0.0,0.0,1.0,0.0,1.0,0.0,1.0,0.0,0.0,0.0,0.0,1.0
izmir,1999,1469795.0,1265035.0,1206091.0,,,,,217337.0,,2099.0,82140.0,,,367553.0,,230673.0,2785.0,2285.0,1712.0,,,,1288.0,7470.0,2115.0,,197169.0,,,,,,,,,,,,,,,,,2451.0,,,,41200.0,45559.0,1036.0,1219.0,,0.8606880551369409,,,,,,,,,,,,,,,1994.0,dsp,dyp,1,0.0,0.0,1.0,0.0,0.0,1.0,0.0,1.0,0.0,0.0,1.0,0.0,0.0,0.0,0.0,0.0,0.0,1.0
kayseri,1999,302251.0,257028.0,246926.0,,,,,11701.0,,,65581.0,,,38828.0,,12728.0,,511.0,262.0,,4977.0,,638.0,430.0,189.0,,11996.0,,,,243.0,,,,,,,,,,,,,,,,,96289.0,2396.0,157.0,,,0.850379320498526,,,,,,,,,,,,,,,1994.0,fp,rp,1,0.0,1.0,0.0,1.0,0.0,0.0,0.0,0.0,1.0,0.0,1.0,0.0,1.0,0.0,0.0,0.0,0.0,1.0
kocaeli,1999,141169.0,122624.0,116213.0,,,,,46747.0,,,6304.0,,,12809.0,,7454.0,,,80.0,,797.0,,300.0,375.0,108.0,,9101.0,,,,,,,,,,,,,,,,,,,,,31359.0,690.0,89.0,,,0.8686326318101,,,,,,,,,,,,,,,1994.0,chp,shp,1,0.0,0.0,1.0,0.0,0.0,1.0,0.0,1.0,0.0,0.0,0.0,1.0,0.0,0.0,1.0,0.0,1.0,1.0
konya,1999,363921.0,321929.0,310116.0,,,,,6320.0,,,82008.0,,,15537.0,,12801.0,491.0,969.0,388.0,,5008.0,,1073.0,414.0,,,30630.0,,,,,,,,,,,,,,,,,,,,,150515.0,3703.0,259.0,,,0.8846123197067496,,,,,,,,,,,,,,,1994.0,fp,rp,1,0.0,1.0,0.0,1.0,0.0,0.0,0.0,0.0,1.0,0.0,1.0,0.0,1.0,0.0,0.0,0.0,0.0,1.0
samsun,1999,219146.0,183223.0,172790.0,,,,,42080.0,,,23543.0,,,,,48330.0,939.0,3322.0,299.0,,1746.0,,333.0,1090.0,,,13037.0,,,,,,,,,,,,,,,,,,,,,37831.0,,240.0,,,0.8360773183174687,,,,,,,,,,,,,,,1994.0,anap,chp,1,1.0,1.0,0.0,0.0,0.0,0.0,0.0,0.0,1.0,0.0,0.0,1.0,0.0,0.0,1.0,0.0,1.0,0.0
adana,1989,435602.0,294847.0,280501.0,,,,,,,,,,,,,,,,,,,,,,,,,,,,,,,,,,,,,,,,,,,,,,,,,,0.6768724661502932,80810.0,28.8,16770.0,5.9,53113.0,18.9,1420.0,0.5,2899.0,1.0,12933.0,4.6,112556.0,40.1,,shp,,0,0.0,0.0,1.0,0.0,0.0,1.0,0.0,1.0,1.0,,,,,,,,,
ankara,1989,1382505.0,1126031.0,1074252.0,,,,,,,,,,,,,,,,,,,,,,,,,,,,,,,,,,,,,,,,,,,,,,,,533.0,0.0,0.8144860235586852,216485.0,20.1,53776.0,5.0,218893.0,20.3,5554.0,0.5,41694.0,3.8,62968.0,5.8,474349.0,44.1,,shp,,0,0.0,0.0,1.0,0.0,0.0,1.0,0.0,1.0,1.0,,,,,,,,,
bursa,1989,436322.0,341254.0,323121.0,,,,,,,,,,,,,,,,,,,,,,,,,,,,,,,,,,,,,,,,,,,,,,,,202.0,0.0,0.7821150434770651,62983.0,19.4,41376.0,12.8,103893.0,32.1,1959.0,0.6,5905.0,1.8,27787.0,8.5,79016.0,24.4,,dyp,,0,0.0,1.0,0.0,0.0,0.0,0.0,0.0,0.0,1.0,,,,,,,,,
gaziantep,1989,238879.0,176703.0,167086.0,,,,,,,,,,,,,,,,,,,,,,,,,,,,,,,,,,,,,,,,,,,,,,,,30.0,0.0,0.7397175976121803,22406.0,13.4,6264.0,3.7,52407.0,31.3,1098.0,0.6,3743.0,2.2,11815.0,7.0,69323.0,41.4,,shp,,0,0.0,0.0,1.0,0.0,0.0,1.0,0.0,1.0,1.0,,,,,,,,,
istanbul,1989,3520723.0,2393003.0,2277364.0,,,,,,,,,,,,,,,,,,,,,,,,,,,,,,,,,,,,,,,,,,,,,,,,1614.0,0.0,0.6796907907835976,594845.0,26.1,278294.0,12.2,315591.0,13.8,7241.0,0.3,22278.0,0.9,238745.0,10.4,818756.0,35.9,,shp,,0,0.0,0.0,1.0,0.0,0.0,1.0,0.0,1.0,1.0,,,,,,,,,
izmir,1989,981771.0,727077.0,698389.0,,,,,,,,,,,,,,,,,,,,,,,,,,,,,,,,,,,,,,,,,,,,,,,,,,0.7405769777269852,169672.0,24.2,39186.0,5.6,97183.0,13.9,2227.0,0.3,5326.0,0.7,18815.0,2.6,365980.0,52.4,,shp,,0,0.0,0.0,1.0,0.0,0.0,1.0,0.0,1.0,1.0,,,,,,,,,
kayseri,1989,202819.0,147467.0,139952.0,,,,,,,,,,,,,,,,,,,,,,,,,,,,,,,,,,,,,,,,,,,,,,,,,,0.7270867127833192,37059.0,26.4,6589.0,4.7,32230.0,23.0,904.0,0.6,9118.0,6.5,15216.0,10.8,38836.0,27.7,,shp,,0,0.0,0.0,1.0,0.0,0.0,1.0,0.0,1.0,1.0,,,,,,,,,
konya,1989,251975.0,192424.0,183911.0,,,,,,,,,,,,,,,,,,,,,,,,,,,,,,,,,,,,,,,,,,,,,,,,,,0.7636630618116876,31091.0,16.9,7282.0,3.9,44568.0,24.2,1022.0,0.5,8033.0,4.3,76621.0,41.6,15294.0,8.3,,rp,,0,0.0,1.0,0.0,1.0,0.0,0.0,0.0,0.0,1.0,,,,,,,,,
